shared_url,n_shared,from_n_users,users,n_urls,platform,from,id/url,text,n_likes,total,url_id,media_id,n_replies,score,n_views,n_dislikes,n_favorites,n_comments
https://support.google.com/youtube/answer/1620498?hl=e,44,4,"{'UCzlicyYuPMjtF9VVvJr-PeA', 'UCbiT0LUIbQj6CQScvWHJeKQ', 'UC5WIwAxUiPadmQh-lUc5dow', 'UC7pYkdpCfDo7U1j4_pbF5Iw'}","{2, 3}",youtube,comment,https://www.youtube.com/watch?v=GWUMe-u9zKE,"""you saved me"" johnny depp thanks his supporters for defending him (video)",191932.0,8206898.0,youtube_videos_4_months_2,,,,3890345.0,2904.0,0.0,18268.0
https://www.youtube.com/channel/UCbiT0LUIbQj6CQScvWHJeKQ?sub_confirmation=1,31,1,{'UCbiT0LUIbQj6CQScvWHJeKQ'},{2},youtube,comment,https://www.youtube.com/watch?v=GWUMe-u9zKE,"""you saved me"" johnny depp thanks his supporters for defending him (video)",191932.0,8206898.0,youtube_videos_4_months_2,,,,3890345.0,2904.0,0.0,18268.0
https://youtu.be/dJe8bl_BLDE,4,1,{'UCJPOs6kI_s7YpXgSWIM01ZQ'},"{5, 6}",youtube,comment,https://www.youtube.com/watch?v=siGE-fVUHG4,disney apologizes to johnny depp after this...,28801.0,2735640.0,youtube_videos_4_months_9,,,,1333325.0,1124.0,0.0,4570.0
https://youtu.be/dJe8bl_BLDE,1,1,"('UCJPOs6kI_s7YpXgSWIM01ZQ',)",{1},youtube,comment,https://www.youtube.com/watch?v=siGE-fVUHG4,disney apologizes to johnny depp after this...,28801.0,2735640.0,youtube_videos_4_months_9,,,,1333325.0,1124.0,0.0,4570.0
https://youtu.be/YG2dPHN3NsE,1,1,{'UCJPOs6kI_s7YpXgSWIM01ZQ'},{6},youtube,comment,https://www.youtube.com/watch?v=siGE-fVUHG4,disney apologizes to johnny depp after this...,28801.0,2735640.0,youtube_videos_4_months_9,,,,1333325.0,1124.0,0.0,4570.0
https://youtu.be/WLgXd5H6Q2A,1,1,{'UCJPOs6kI_s7YpXgSWIM01ZQ'},{6},youtube,comment,https://www.youtube.com/watch?v=siGE-fVUHG4,disney apologizes to johnny depp after this...,28801.0,2735640.0,youtube_videos_4_months_9,,,,1333325.0,1124.0,0.0,4570.0
https://youtu.be/CYlIamQCWJ4,1,1,{'UCJPOs6kI_s7YpXgSWIM01ZQ'},{6},youtube,comment,https://www.youtube.com/watch?v=siGE-fVUHG4,disney apologizes to johnny depp after this...,28801.0,2735640.0,youtube_videos_4_months_9,,,,1333325.0,1124.0,0.0,4570.0
http://tiny.cc/bingewatch,7,1,{'UCJPOs6kI_s7YpXgSWIM01ZQ'},"{5, 6}",youtube,comment,https://www.youtube.com/watch?v=siGE-fVUHG4,disney apologizes to johnny depp after this...,28801.0,2735640.0,youtube_videos_4_months_9,,,,1333325.0,1124.0,0.0,4570.0
https://youtu.be/GWUMe-u9zKE,1,1,{'UCJPOs6kI_s7YpXgSWIM01ZQ'},{6},youtube,comment,https://www.youtube.com/watch?v=siGE-fVUHG4,disney apologizes to johnny depp after this...,28801.0,2735640.0,youtube_videos_4_months_9,,,,1333325.0,1124.0,0.0,4570.0
https://www.youtube.com/watch?v=utozMdfngVk,14,1,{'UCIQz7nN_zTfIoSOh7HasYIQ'},"{2, 3, 5}",youtube,comment,https://www.youtube.com/watch?v=bCk2xMs6j8M,"celebrities defending johnny depp against amber heard (elon musk, jason momoa, sia, alice cooper)",25809.0,2530004.0,youtube_videos_4_months_11,,,,1234085.0,2810.0,0.0,2298.0
https://www.youtube.com/watch?v=wOo2BFTRrL4,12,2,"{'UCIQz7nN_zTfIoSOh7HasYIQ', 'UCfzvM8Wy5Y34jrxXKmq69Dg'}",{5},youtube,comment,https://www.youtube.com/watch?v=bCk2xMs6j8M,"celebrities defending johnny depp against amber heard (elon musk, jason momoa, sia, alice cooper)",25809.0,2530004.0,youtube_videos_4_months_11,,,,1234085.0,2810.0,0.0,2298.0
https://bit.ly/3kzplQd,2,1,"('UCIQz7nN_zTfIoSOh7HasYIQ',)",{1},youtube,comment,https://www.youtube.com/watch?v=bCk2xMs6j8M,"celebrities defending johnny depp against amber heard (elon musk, jason momoa, sia, alice cooper)",25809.0,2530004.0,youtube_videos_4_months_11,,,,1234085.0,2810.0,0.0,2298.0
https://bit.ly/3kzplQd,11,1,{'UCIQz7nN_zTfIoSOh7HasYIQ'},{5},youtube,comment,https://www.youtube.com/watch?v=bCk2xMs6j8M,"celebrities defending johnny depp against amber heard (elon musk, jason momoa, sia, alice cooper)",25809.0,2530004.0,youtube_videos_4_months_11,,,,1234085.0,2810.0,0.0,2298.0
https://www.youtube.com/watch?v=pLYxM0ztStg,1,1,"(8.678103838427382e+17,)",{1},twitter,tweet,https://www.youtube.com/watch?v=bCk2xMs6j8M,"celebrities defending johnny depp against amber heard (elon musk, jason momoa, sia, alice cooper)",25809.0,2530004.0,youtube_videos_4_months_11,,,,1234085.0,2810.0,0.0,2298.0
https://www.youtube.com/watch?v=pLYxM0ztStg,8,2,"{'UCIQz7nN_zTfIoSOh7HasYIQ', 'UCfzvM8Wy5Y34jrxXKmq69Dg'}","{3, 5}",youtube,comment,https://www.youtube.com/watch?v=bCk2xMs6j8M,"celebrities defending johnny depp against amber heard (elon musk, jason momoa, sia, alice cooper)",25809.0,2530004.0,youtube_videos_4_months_11,,,,1234085.0,2810.0,0.0,2298.0
https://www.youtube.com/watch?v=PYXp9wXHUWw,14,1,{'UCIQz7nN_zTfIoSOh7HasYIQ'},"{2, 3, 5}",youtube,comment,https://www.youtube.com/watch?v=bCk2xMs6j8M,"celebrities defending johnny depp against amber heard (elon musk, jason momoa, sia, alice cooper)",25809.0,2530004.0,youtube_videos_4_months_11,,,,1234085.0,2810.0,0.0,2298.0
https://support.google.com/youtube/answer/1620498?hl=e,44,4,"{'UCzlicyYuPMjtF9VVvJr-PeA', 'UCbiT0LUIbQj6CQScvWHJeKQ', 'UC5WIwAxUiPadmQh-lUc5dow', 'UC7pYkdpCfDo7U1j4_pbF5Iw'}","{2, 3}",youtube,comment,https://www.youtube.com/watch?v=gECq8x8b6bo,10 celebrities that defended johnny depp against amber heard,41871.0,2205196.0,youtube_videos_4_months_12,,,,1056676.0,979.0,0.0,3072.0
https://www.youtube.com/channel/UCbiT0LUIbQj6CQScvWHJeKQ?sub_confirmation=1,31,1,{'UCbiT0LUIbQj6CQScvWHJeKQ'},{2},youtube,comment,https://www.youtube.com/watch?v=gECq8x8b6bo,10 celebrities that defended johnny depp against amber heard,41871.0,2205196.0,youtube_videos_4_months_12,,,,1056676.0,979.0,0.0,3072.0
http://tiny.cc/bingewatch,7,1,{'UCJPOs6kI_s7YpXgSWIM01ZQ'},"{5, 6}",youtube,comment,https://www.youtube.com/watch?v=gEfWUbRfFR8,how amber heard destroyed her own career,23389.0,2050874.0,youtube_videos_4_months_13,,,,997674.0,464.0,0.0,3910.0
https://youtu.be/dJe8bl_BLDE,4,1,{'UCJPOs6kI_s7YpXgSWIM01ZQ'},"{5, 6}",youtube,comment,https://www.youtube.com/watch?v=gEfWUbRfFR8,how amber heard destroyed her own career,23389.0,2050874.0,youtube_videos_4_months_13,,,,997674.0,464.0,0.0,3910.0
https://youtu.be/QBCEXSVjBrM,1,1,{'UCJPOs6kI_s7YpXgSWIM01ZQ'},{5},youtube,comment,https://www.youtube.com/watch?v=gEfWUbRfFR8,how amber heard destroyed her own career,23389.0,2050874.0,youtube_videos_4_months_13,,,,997674.0,464.0,0.0,3910.0
https://youtu.be/dJe8bl_BLDE,1,1,"('UCJPOs6kI_s7YpXgSWIM01ZQ',)",{1},youtube,comment,https://www.youtube.com/watch?v=gEfWUbRfFR8,how amber heard destroyed her own career,23389.0,2050874.0,youtube_videos_4_months_13,,,,997674.0,464.0,0.0,3910.0
https://youtu.be/pZR2_v4UpgI,2,1,{'UCJPOs6kI_s7YpXgSWIM01ZQ'},{5},youtube,comment,https://www.youtube.com/watch?v=gEfWUbRfFR8,how amber heard destroyed her own career,23389.0,2050874.0,youtube_videos_4_months_13,,,,997674.0,464.0,0.0,3910.0
https://youtu.be/-qHw0PtrdQI,1,1,{'UCJPOs6kI_s7YpXgSWIM01ZQ'},{5},youtube,comment,https://www.youtube.com/watch?v=gEfWUbRfFR8,how amber heard destroyed her own career,23389.0,2050874.0,youtube_videos_4_months_13,,,,997674.0,464.0,0.0,3910.0
https://www.youtube.com/crazedculture?sub_confirmation=1,10,1,{'UCzlicyYuPMjtF9VVvJr-PeA'},{2},youtube,comment,https://www.youtube.com/watch?v=UvsHWTGHmts,amber heard faces 10 years in prison for accusations against johnny depp!!!,24544.0,1986284.0,youtube_videos_4_months_14,,,,963776.0,957.0,0.0,3865.0
https://support.google.com/youtube/answer/1620498?hl=e,44,4,"{'UCzlicyYuPMjtF9VVvJr-PeA', 'UCbiT0LUIbQj6CQScvWHJeKQ', 'UC5WIwAxUiPadmQh-lUc5dow', 'UC7pYkdpCfDo7U1j4_pbF5Iw'}","{2, 3}",youtube,comment,https://www.youtube.com/watch?v=UvsHWTGHmts,amber heard faces 10 years in prison for accusations against johnny depp!!!,24544.0,1986284.0,youtube_videos_4_months_14,,,,963776.0,957.0,0.0,3865.0
https://support.google.com/youtube/answer/1620498?hl=e,44,4,"{'UCzlicyYuPMjtF9VVvJr-PeA', 'UCbiT0LUIbQj6CQScvWHJeKQ', 'UC5WIwAxUiPadmQh-lUc5dow', 'UC7pYkdpCfDo7U1j4_pbF5Iw'}","{2, 3}",youtube,comment,https://www.youtube.com/watch?v=Bu1uOt5Tyoc,elon musk speaks against amber heard & defends johnny depp!!!,11313.0,1850690.0,youtube_videos_4_months_16,,,,908240.0,3130.0,0.0,2662.0
https://www.youtube.com/crazedculture?sub_confirmation=1,10,1,{'UCzlicyYuPMjtF9VVvJr-PeA'},{2},youtube,comment,https://www.youtube.com/watch?v=Bu1uOt5Tyoc,elon musk speaks against amber heard & defends johnny depp!!!,11313.0,1850690.0,youtube_videos_4_months_16,,,,908240.0,3130.0,0.0,2662.0
https://support.google.com/youtube/answer/1620498?hl=e,44,4,"{'UCzlicyYuPMjtF9VVvJr-PeA', 'UCbiT0LUIbQj6CQScvWHJeKQ', 'UC5WIwAxUiPadmQh-lUc5dow', 'UC7pYkdpCfDo7U1j4_pbF5Iw'}","{2, 3}",youtube,comment,https://www.youtube.com/watch?v=WLgXd5H6Q2A,disney officially apologizes to johnny depp after firing him!!!,34942.0,1814380.0,youtube_videos_4_months_17,,,,866811.0,636.0,0.0,4801.0
https://www.youtube.com/crazedculture?sub_confirmation=1\,1,1,{'UCzlicyYuPMjtF9VVvJr-PeA'},{2},youtube,comment,https://www.youtube.com/watch?v=WLgXd5H6Q2A,disney officially apologizes to johnny depp after firing him!!!,34942.0,1814380.0,youtube_videos_4_months_17,,,,866811.0,636.0,0.0,4801.0
https://www.nickwallis.com/depp-trial-witness-statements,4,2,"{1.2961098713608763e+18, 2514618167.0}","{2, 3}",twitter,tweet,https://www.youtube.com/watch?v=VjBYuyHvAkQ,when a nobody acts like a legend. amber heard copying johnny depp & failing miserably (pt 1),26005.0,1712668.0,youtube_videos_4_months_18,,,,828056.0,469.0,0.0,1804.0
https://www.nickwallis.com/depp-trial-witness-statements,2,2,"{'UCOp3GgtzNUadFlYDCKv2_5g', 'UCFQZawaJNG7ORQGUec6faEg'}","{8, 2}",youtube,comment,https://www.youtube.com/watch?v=VjBYuyHvAkQ,when a nobody acts like a legend. amber heard copying johnny depp & failing miserably (pt 1),26005.0,1712668.0,youtube_videos_4_months_18,,,,828056.0,469.0,0.0,1804.0
https://missycrystal.medium.com/5-reasons-why-narcissists-copy-your-actions-bcf37a915525,1,1,{'UCFQZawaJNG7ORQGUec6faEg'},{2},youtube,comment,https://www.youtube.com/watch?v=VjBYuyHvAkQ,when a nobody acts like a legend. amber heard copying johnny depp & failing miserably (pt 1),26005.0,1712668.0,youtube_videos_4_months_18,,,,828056.0,469.0,0.0,1804.0
https://support.google.com/youtube/answer/1620498?hl=e,44,4,"{'UCzlicyYuPMjtF9VVvJr-PeA', 'UCbiT0LUIbQj6CQScvWHJeKQ', 'UC5WIwAxUiPadmQh-lUc5dow', 'UC7pYkdpCfDo7U1j4_pbF5Iw'}","{2, 3}",youtube,comment,https://www.youtube.com/watch?v=pk4FCnbehCM,amber heard faces 10 years in prison for pocketing charity donations from johnny depp,33541.0,1664934.0,youtube_videos_4_months_19,,,,792306.0,1069.0,0.0,5551.0
https://www.youtube.com/channel/UCbiT0LUIbQj6CQScvWHJeKQ?sub_confirmation=1,31,1,{'UCbiT0LUIbQj6CQScvWHJeKQ'},{2},youtube,comment,https://www.youtube.com/watch?v=pk4FCnbehCM,amber heard faces 10 years in prison for pocketing charity donations from johnny depp,33541.0,1664934.0,youtube_videos_4_months_19,,,,792306.0,1069.0,0.0,5551.0
https://www.youtube.com/channel/UCbiT0LUIbQj6CQScvWHJeKQ?sub_confirmation=1,31,1,{'UCbiT0LUIbQj6CQScvWHJeKQ'},{2},youtube,comment,https://www.youtube.com/watch?v=tybOcw3gQzc,amber heard facing 10 years in prison for fake johnny depp accusations!?,24383.0,1344082.0,youtube_videos_4_months_21,,,,643030.0,582.0,0.0,4046.0
https://support.google.com/youtube/answer/1620498?hl=e,44,4,"{'UCzlicyYuPMjtF9VVvJr-PeA', 'UCbiT0LUIbQj6CQScvWHJeKQ', 'UC5WIwAxUiPadmQh-lUc5dow', 'UC7pYkdpCfDo7U1j4_pbF5Iw'}","{2, 3}",youtube,comment,https://www.youtube.com/watch?v=tybOcw3gQzc,amber heard facing 10 years in prison for fake johnny depp accusations!?,24383.0,1344082.0,youtube_videos_4_months_21,,,,643030.0,582.0,0.0,4046.0
https://amzn.to/35961SS,2,1,{'UCVvt8dZQe5pWDpqRZLzqyDQ'},{9},youtube,comment,https://www.youtube.com/watch?v=9AAaaZGiDo0,toute la verite sur l'affaire johnny depp - amber heard (partie 1) #givdt 39,31911.0,1208928.0,youtube_videos_4_months_23,,,,570570.0,323.0,0.0,1660.0
https://amzn.to/3gfhqXM,2,1,{'UCVvt8dZQe5pWDpqRZLzqyDQ'},{9},youtube,comment,https://www.youtube.com/watch?v=9AAaaZGiDo0,toute la verite sur l'affaire johnny depp - amber heard (partie 1) #givdt 39,31911.0,1208928.0,youtube_videos_4_months_23,,,,570570.0,323.0,0.0,1660.0
https://www.youtube.com/watch?v=Grlao4wLRBc,1,1,{'UCVvt8dZQe5pWDpqRZLzqyDQ'},{9},youtube,comment,https://www.youtube.com/watch?v=9AAaaZGiDo0,toute la verite sur l'affaire johnny depp - amber heard (partie 1) #givdt 39,31911.0,1208928.0,youtube_videos_4_months_23,,,,570570.0,323.0,0.0,1660.0
https://www.youtube.com/channel/UCg0C-N_MPYYOXyF4T3jMxNQ,3,3,"('UCAxriNBFZQPTsj9vBOSnhkA', 'UCMAwi5fm2yOSEeKd_Qv0Z2Q', 'UCMSrjJh3nagPea0ZvfoYLJQ')",{1},youtube,comment,https://www.youtube.com/watch?v=9AAaaZGiDo0,toute la verite sur l'affaire johnny depp - amber heard (partie 1) #givdt 39,31911.0,1208928.0,youtube_videos_4_months_23,,,,570570.0,323.0,0.0,1660.0
https://www.youtube.com/channel/UCg0C-N_MPYYOXyF4T3jMxNQ,2,2,"{1.2279218767872205e+18, 1.3377619044633272e+18}","{2, 3}",twitter,tweet,https://www.youtube.com/watch?v=9AAaaZGiDo0,toute la verite sur l'affaire johnny depp - amber heard (partie 1) #givdt 39,31911.0,1208928.0,youtube_videos_4_months_23,,,,570570.0,323.0,0.0,1660.0
https://www.youtube.com/channel/UCg0C-N_MPYYOXyF4T3jMxNQ,13,12,"(8.339648270853284e+17, 1.313936769285587e+18, 1.3280048543091466e+18, 1.2842191137165558e+18, 1.302912993882239e+18, 1.1921117172260372e+18, 1.2525096682216284e+18, 1.3640730082230313e+18, 1.2109687449623798e+18, 25006542.0, 431016433.0, 489069592.0)",{1},twitter,tweet,https://www.youtube.com/watch?v=9AAaaZGiDo0,toute la verite sur l'affaire johnny depp - amber heard (partie 1) #givdt 39,31911.0,1208928.0,youtube_videos_4_months_23,,,,570570.0,323.0,0.0,1660.0
https://amzn.to/35ciJ3i,2,1,{'UCVvt8dZQe5pWDpqRZLzqyDQ'},{9},youtube,comment,https://www.youtube.com/watch?v=9AAaaZGiDo0,toute la verite sur l'affaire johnny depp - amber heard (partie 1) #givdt 39,31911.0,1208928.0,youtube_videos_4_months_23,,,,570570.0,323.0,0.0,1660.0
https://www.youtube.com/channel/UCg0C-N_MPYYOXyF4T3jMxNQ,12,7,"{'UCAxriNBFZQPTsj9vBOSnhkA', 'UCGl9hxFXep_3KMe662E_pzQ', 'UCC6ue7UYt1yeS621xmTMKrQ', 'UCVvt8dZQe5pWDpqRZLzqyDQ', 'UCkiEjBNdsNB9vDIvMEmKjxg', 'UC1nJzvNaB_ql4RHrzgozrQQ', 'UCzlzv0duIQU5xC_QIMsLGvA'}","{2, 4, 6, 9, 13, 14, 19, 24}",youtube,comment,https://www.youtube.com/watch?v=9AAaaZGiDo0,toute la verite sur l'affaire johnny depp - amber heard (partie 1) #givdt 39,31911.0,1208928.0,youtube_videos_4_months_23,,,,570570.0,323.0,0.0,1660.0
https://amzn.to/3xfAQBq,2,1,{'UCVvt8dZQe5pWDpqRZLzqyDQ'},{9},youtube,comment,https://www.youtube.com/watch?v=9AAaaZGiDo0,toute la verite sur l'affaire johnny depp - amber heard (partie 1) #givdt 39,31911.0,1208928.0,youtube_videos_4_months_23,,,,570570.0,323.0,0.0,1660.0
https://www.youtube.com/watch?v=zxTv5CRa4bQ&list=PLs5uat2JJZlnQVv-jqog8cCSt8NAWX924,2,1,{'UCVvt8dZQe5pWDpqRZLzqyDQ'},{9},youtube,comment,https://www.youtube.com/watch?v=9AAaaZGiDo0,toute la verite sur l'affaire johnny depp - amber heard (partie 1) #givdt 39,31911.0,1208928.0,youtube_videos_4_months_23,,,,570570.0,323.0,0.0,1660.0
https://amzn.to/3izUXqa,2,1,{'UCVvt8dZQe5pWDpqRZLzqyDQ'},{9},youtube,comment,https://www.youtube.com/watch?v=9AAaaZGiDo0,toute la verite sur l'affaire johnny depp - amber heard (partie 1) #givdt 39,31911.0,1208928.0,youtube_videos_4_months_23,,,,570570.0,323.0,0.0,1660.0
https://youtu.be/XH9jY8cFHn0,2,1,{'UCVvt8dZQe5pWDpqRZLzqyDQ'},{9},youtube,comment,https://www.youtube.com/watch?v=9AAaaZGiDo0,toute la verite sur l'affaire johnny depp - amber heard (partie 1) #givdt 39,31911.0,1208928.0,youtube_videos_4_months_23,,,,570570.0,323.0,0.0,1660.0
https://youtu.be/_uKIcMDYlUY,1,1,{'UCayZHNob_pvVyP3mJuHIIiA'},{16},youtube,comment,https://www.youtube.com/watch?v=YAcdzMRadhQ,why people believe amber heard and meghan markle's lies - understanding the victimhood game (2021),21401.0,902542.0,youtube_videos_4_months_28,,,,426303.0,819.0,0.0,2748.0
https://youtu.be/Gy5FA57W70A,1,1,{'UCayZHNob_pvVyP3mJuHIIiA'},{16},youtube,comment,https://www.youtube.com/watch?v=YAcdzMRadhQ,why people believe amber heard and meghan markle's lies - understanding the victimhood game (2021),21401.0,902542.0,youtube_videos_4_months_28,,,,426303.0,819.0,0.0,2748.0
https://youtu.be/-XtG6GjIB3Y,1,1,{'UCayZHNob_pvVyP3mJuHIIiA'},{16},youtube,comment,https://www.youtube.com/watch?v=YAcdzMRadhQ,why people believe amber heard and meghan markle's lies - understanding the victimhood game (2021),21401.0,902542.0,youtube_videos_4_months_28,,,,426303.0,819.0,0.0,2748.0
https://youtu.be/a1ylGHyTasc,1,1,{'UCayZHNob_pvVyP3mJuHIIiA'},{16},youtube,comment,https://www.youtube.com/watch?v=YAcdzMRadhQ,why people believe amber heard and meghan markle's lies - understanding the victimhood game (2021),21401.0,902542.0,youtube_videos_4_months_28,,,,426303.0,819.0,0.0,2748.0
https://youtu.be/IiZ-VWoKHvI,1,1,{'UCayZHNob_pvVyP3mJuHIIiA'},{16},youtube,comment,https://www.youtube.com/watch?v=YAcdzMRadhQ,why people believe amber heard and meghan markle's lies - understanding the victimhood game (2021),21401.0,902542.0,youtube_videos_4_months_28,,,,426303.0,819.0,0.0,2748.0
https://amzn.to/3mZrCUL,1,1,{'UCayZHNob_pvVyP3mJuHIIiA'},{16},youtube,comment,https://www.youtube.com/watch?v=YAcdzMRadhQ,why people believe amber heard and meghan markle's lies - understanding the victimhood game (2021),21401.0,902542.0,youtube_videos_4_months_28,,,,426303.0,819.0,0.0,2748.0
https://www.airy-youtube-downloader.com,1,1,{'UCayZHNob_pvVyP3mJuHIIiA'},{16},youtube,comment,https://www.youtube.com/watch?v=YAcdzMRadhQ,why people believe amber heard and meghan markle's lies - understanding the victimhood game (2021),21401.0,902542.0,youtube_videos_4_months_28,,,,426303.0,819.0,0.0,2748.0
https://www.tubebuddy.com/baggageclaim,1,1,{'UCayZHNob_pvVyP3mJuHIIiA'},{16},youtube,comment,https://www.youtube.com/watch?v=YAcdzMRadhQ,why people believe amber heard and meghan markle's lies - understanding the victimhood game (2021),21401.0,902542.0,youtube_videos_4_months_28,,,,426303.0,819.0,0.0,2748.0
https://youtu.be/GQp9VQNNFTs,1,1,{'UCayZHNob_pvVyP3mJuHIIiA'},{16},youtube,comment,https://www.youtube.com/watch?v=YAcdzMRadhQ,why people believe amber heard and meghan markle's lies - understanding the victimhood game (2021),21401.0,902542.0,youtube_videos_4_months_28,,,,426303.0,819.0,0.0,2748.0
https://www.apple.com/final-cut-pro/,1,1,{'UCayZHNob_pvVyP3mJuHIIiA'},{16},youtube,comment,https://www.youtube.com/watch?v=YAcdzMRadhQ,why people believe amber heard and meghan markle's lies - understanding the victimhood game (2021),21401.0,902542.0,youtube_videos_4_months_28,,,,426303.0,819.0,0.0,2748.0
https://youtu.be/7AAhVg9cUo0,1,1,{'UCayZHNob_pvVyP3mJuHIIiA'},{16},youtube,comment,https://www.youtube.com/watch?v=YAcdzMRadhQ,why people believe amber heard and meghan markle's lies - understanding the victimhood game (2021),21401.0,902542.0,youtube_videos_4_months_28,,,,426303.0,819.0,0.0,2748.0
https://amzn.to/32kL46E,1,1,{'UCayZHNob_pvVyP3mJuHIIiA'},{16},youtube,comment,https://www.youtube.com/watch?v=YAcdzMRadhQ,why people believe amber heard and meghan markle's lies - understanding the victimhood game (2021),21401.0,902542.0,youtube_videos_4_months_28,,,,426303.0,819.0,0.0,2748.0
https://amzn.to/2Ig2HNB,1,1,{'UCayZHNob_pvVyP3mJuHIIiA'},{16},youtube,comment,https://www.youtube.com/watch?v=YAcdzMRadhQ,why people believe amber heard and meghan markle's lies - understanding the victimhood game (2021),21401.0,902542.0,youtube_videos_4_months_28,,,,426303.0,819.0,0.0,2748.0
https://youtu.be/seLSzJrBig4,1,1,{'UCayZHNob_pvVyP3mJuHIIiA'},{16},youtube,comment,https://www.youtube.com/watch?v=YAcdzMRadhQ,why people believe amber heard and meghan markle's lies - understanding the victimhood game (2021),21401.0,902542.0,youtube_videos_4_months_28,,,,426303.0,819.0,0.0,2748.0
https://youtu.be/vrrCfzauBx,1,1,{'UCayZHNob_pvVyP3mJuHIIiA'},{16},youtube,comment,https://www.youtube.com/watch?v=YAcdzMRadhQ,why people believe amber heard and meghan markle's lies - understanding the victimhood game (2021),21401.0,902542.0,youtube_videos_4_months_28,,,,426303.0,819.0,0.0,2748.0
https://amzn.to/3l0TGXk,1,1,{'UCayZHNob_pvVyP3mJuHIIiA'},{16},youtube,comment,https://www.youtube.com/watch?v=YAcdzMRadhQ,why people believe amber heard and meghan markle's lies - understanding the victimhood game (2021),21401.0,902542.0,youtube_videos_4_months_28,,,,426303.0,819.0,0.0,2748.0
https://support.google.com/youtube/answer/1620498?hl=e,44,4,"{'UCzlicyYuPMjtF9VVvJr-PeA', 'UCbiT0LUIbQj6CQScvWHJeKQ', 'UC5WIwAxUiPadmQh-lUc5dow', 'UC7pYkdpCfDo7U1j4_pbF5Iw'}","{2, 3}",youtube,comment,https://www.youtube.com/watch?v=1nLI4ahi6V4,emilia clarke speaks out on being amber heard's replacement in aquaman 2!!!,11235.0,894190.0,youtube_videos_4_months_29,,,,433088.0,884.0,0.0,1888.0
https://www.youtube.com/crazedculture?sub_confirmation=1,10,1,{'UCzlicyYuPMjtF9VVvJr-PeA'},{2},youtube,comment,https://www.youtube.com/watch?v=1nLI4ahi6V4,emilia clarke speaks out on being amber heard's replacement in aquaman 2!!!,11235.0,894190.0,youtube_videos_4_months_29,,,,433088.0,884.0,0.0,1888.0
https://www.youtube.com/channel/UCbiT0LUIbQj6CQScvWHJeKQ?sub_confirmation=1,31,1,{'UCbiT0LUIbQj6CQScvWHJeKQ'},{2},youtube,comment,https://www.youtube.com/watch?v=8oiB_u4RDiM,"amber heard full apology video - ""this has gone too far""...!?",6010.0,857048.0,youtube_videos_4_months_32,,,,414537.0,5401.0,0.0,2576.0
https://support.google.com/youtube/answer/1620498?hl=e,44,4,"{'UCzlicyYuPMjtF9VVvJr-PeA', 'UCbiT0LUIbQj6CQScvWHJeKQ', 'UC5WIwAxUiPadmQh-lUc5dow', 'UC7pYkdpCfDo7U1j4_pbF5Iw'}","{2, 3}",youtube,comment,https://www.youtube.com/watch?v=8oiB_u4RDiM,"amber heard full apology video - ""this has gone too far""...!?",6010.0,857048.0,youtube_videos_4_months_32,,,,414537.0,5401.0,0.0,2576.0
https://www.youtube.com/channel/UCbiT0LUIbQj6CQScvWHJeKQ?sub_confirmation=1,31,1,{'UCbiT0LUIbQj6CQScvWHJeKQ'},{2},youtube,comment,https://www.youtube.com/watch?v=B9ZaUwfDvg4,amber heard’s lawyer quits & exposes amber for ruining johnny depp!?,11142.0,820560.0,youtube_videos_4_months_33,,,,396094.0,384.0,0.0,2660.0
https://support.google.com/youtube/answer/1620498?hl=e,44,4,"{'UCzlicyYuPMjtF9VVvJr-PeA', 'UCbiT0LUIbQj6CQScvWHJeKQ', 'UC5WIwAxUiPadmQh-lUc5dow', 'UC7pYkdpCfDo7U1j4_pbF5Iw'}","{2, 3}",youtube,comment,https://www.youtube.com/watch?v=B9ZaUwfDvg4,amber heard’s lawyer quits & exposes amber for ruining johnny depp!?,11142.0,820560.0,youtube_videos_4_months_33,,,,396094.0,384.0,0.0,2660.0
https://support.google.com/youtube/answer/1620498?hl=e,44,4,"{'UCzlicyYuPMjtF9VVvJr-PeA', 'UCbiT0LUIbQj6CQScvWHJeKQ', 'UC5WIwAxUiPadmQh-lUc5dow', 'UC7pYkdpCfDo7U1j4_pbF5Iw'}","{2, 3}",youtube,comment,https://www.youtube.com/watch?v=ShObyc9vqXM,jason momoa speaks on amber heard being replaced from aquaman 2!?,10020.0,777320.0,youtube_videos_4_months_34,,,,374403.0,2295.0,0.0,1942.0
https://www.youtube.com/channel/UCbiT0LUIbQj6CQScvWHJeKQ?sub_confirmation=1,31,1,{'UCbiT0LUIbQj6CQScvWHJeKQ'},{2},youtube,comment,https://www.youtube.com/watch?v=ShObyc9vqXM,jason momoa speaks on amber heard being replaced from aquaman 2!?,10020.0,777320.0,youtube_videos_4_months_34,,,,374403.0,2295.0,0.0,1942.0
https://www.thegeekbuzz.com/the-basement/video-reveals-bots-signing-anti-amber-heard-petition/,1,1,"('westondeboer',)",{1},reddit,reddits,t3_lx2s7w,"Do you ever feel like you have been lied to, by a team who are working to discredit amber heard? Serious.

https://www.thegeekbuzz.com/the-basement/video-reveals-bots-signing-anti-amber-heard-petition/",,10.0,,,,10.0,,,,
https://www.thegeekbuzz.com/the-basement/video-reveals-bots-signing-anti-amber-heard-petition/,2,2,"(9.1815297172838e+17, 80546748.0)",{1},twitter,tweet,t3_lx2s7w,"Do you ever feel like you have been lied to, by a team who are working to discredit amber heard? Serious.

https://www.thegeekbuzz.com/the-basement/video-reveals-bots-signing-anti-amber-heard-petition/",,10.0,,,,10.0,,,,
https://www.thegeekbuzz.com/the-basement/video-reveals-bots-signing-anti-amber-heard-petition/,1,1,{'UCEAomcLuClCPT-HRB-KBu_w'},{4},youtube,comment,t3_lx2s7w,"Do you ever feel like you have been lied to, by a team who are working to discredit amber heard? Serious.

https://www.thegeekbuzz.com/the-basement/video-reveals-bots-signing-anti-amber-heard-petition/",,10.0,,,,10.0,,,,
https://youtu.be/hwkb80xzdus,1,1,"('UCAIycRkUrsSP73CZIYFLCWw',)",{1},youtube,comment,https://www.youtube.com/watch?v=h-wpBkiMKd0,"caso de johnny depp y amber heard: amber es atrapada mintiendo bajo juramento, subitulos español",98986.0,9525759.0,youtube_videos_dec_4,,,,9402370.0,6188.0,0.0,18215.0
https://youtu.be/pbxtr41zftq,2,1,{'UCg0C-N_MPYYOXyF4T3jMxNQ'},"{2, 4}",youtube,comment,https://www.youtube.com/watch?v=aca0KWoHtqQ,amber heard & johnny depp:  the real abuser finally revealed!! (uncensored audio!),99028.0,5095759.0,youtube_videos_dec_5,,,,4942871.0,3088.0,0.0,50772.0
https://youtu.be/smo8wh0f8tc,1,1,{'UCg0C-N_MPYYOXyF4T3jMxNQ'},{2},youtube,comment,https://www.youtube.com/watch?v=aca0KWoHtqQ,amber heard & johnny depp:  the real abuser finally revealed!! (uncensored audio!),99028.0,5095759.0,youtube_videos_dec_5,,,,4942871.0,3088.0,0.0,50772.0
https://www.youtube.com/watch?v=waukv,1,1,{'UCvvba7i-jbpE59FRxIKYJxQ'},{12},youtube,comment,https://www.youtube.com/watch?v=E1A8WUXfVmA,johnny depp being thirsted over by female celebrities!,62610.0,3234281.0,youtube_videos_dec_6,,,,3164893.0,3543.0,0.0,3235.0
https://youtu.be/qvn9ahauycg,1,1,{'UCvvba7i-jbpE59FRxIKYJxQ'},{12},youtube,comment,https://www.youtube.com/watch?v=E1A8WUXfVmA,johnny depp being thirsted over by female celebrities!,62610.0,3234281.0,youtube_videos_dec_6,,,,3164893.0,3543.0,0.0,3235.0
https://youtu.be/uetaawvggwe,1,1,{'UCvvba7i-jbpE59FRxIKYJxQ'},{12},youtube,comment,https://www.youtube.com/watch?v=E1A8WUXfVmA,johnny depp being thirsted over by female celebrities!,62610.0,3234281.0,youtube_videos_dec_6,,,,3164893.0,3543.0,0.0,3235.0
https://www.youtube.com/channel/ucomy,1,1,{'UCvvba7i-jbpE59FRxIKYJxQ'},{12},youtube,comment,https://www.youtube.com/watch?v=E1A8WUXfVmA,johnny depp being thirsted over by female celebrities!,62610.0,3234281.0,youtube_videos_dec_6,,,,3164893.0,3543.0,0.0,3235.0
https://soundcloud.com/lakeyinspired,1,1,{'UCvvba7i-jbpE59FRxIKYJxQ'},{12},youtube,comment,https://www.youtube.com/watch?v=E1A8WUXfVmA,johnny depp being thirsted over by female celebrities!,62610.0,3234281.0,youtube_videos_dec_6,,,,3164893.0,3543.0,0.0,3235.0
https://youtu.be/3xyvofckihk,1,1,{'UCvvba7i-jbpE59FRxIKYJxQ'},{12},youtube,comment,https://www.youtube.com/watch?v=E1A8WUXfVmA,johnny depp being thirsted over by female celebrities!,62610.0,3234281.0,youtube_videos_dec_6,,,,3164893.0,3543.0,0.0,3235.0
https://youtu.be/riicqx0nsoq,1,1,{'UCvvba7i-jbpE59FRxIKYJxQ'},{12},youtube,comment,https://www.youtube.com/watch?v=E1A8WUXfVmA,johnny depp being thirsted over by female celebrities!,62610.0,3234281.0,youtube_videos_dec_6,,,,3164893.0,3543.0,0.0,3235.0
https://youtu.be/aepdtf4jq8y,1,1,{'UCvvba7i-jbpE59FRxIKYJxQ'},{12},youtube,comment,https://www.youtube.com/watch?v=E1A8WUXfVmA,johnny depp being thirsted over by female celebrities!,62610.0,3234281.0,youtube_videos_dec_6,,,,3164893.0,3543.0,0.0,3235.0
https://youtu.be/vnacmhsdrfe,1,1,{'UCvvba7i-jbpE59FRxIKYJxQ'},{12},youtube,comment,https://www.youtube.com/watch?v=E1A8WUXfVmA,johnny depp being thirsted over by female celebrities!,62610.0,3234281.0,youtube_videos_dec_6,,,,3164893.0,3543.0,0.0,3235.0
https://youtu.be/sbtweshyxhu,1,1,{'UCvvba7i-jbpE59FRxIKYJxQ'},{12},youtube,comment,https://www.youtube.com/watch?v=E1A8WUXfVmA,johnny depp being thirsted over by female celebrities!,62610.0,3234281.0,youtube_videos_dec_6,,,,3164893.0,3543.0,0.0,3235.0
https://goo.gl/fh3rej,2,2,"{'UCq3hT5JPPKy87JGbDls_5BQ', 'UCvvba7i-jbpE59FRxIKYJxQ'}","{12, 23}",youtube,comment,https://www.youtube.com/watch?v=E1A8WUXfVmA,johnny depp being thirsted over by female celebrities!,62610.0,3234281.0,youtube_videos_dec_6,,,,3164893.0,3543.0,0.0,3235.0
https://creativecommons.org/licenses/,4,3,"{'UCq3hT5JPPKy87JGbDls_5BQ', 'UCvvba7i-jbpE59FRxIKYJxQ', 'UCCjzLtNFNCFCAj__4Tce1_A'}","{12, 22, 23}",youtube,comment,https://www.youtube.com/watch?v=E1A8WUXfVmA,johnny depp being thirsted over by female celebrities!,62610.0,3234281.0,youtube_videos_dec_6,,,,3164893.0,3543.0,0.0,3235.0
https://www.youtube.com/accessonline,3,1,{'UCiKGMZZmZXK-RpbKJGXgH3Q'},{6},youtube,comment,https://www.youtube.com/watch?v=uretrfMA-Io,amber heard's 2020 takeaway: 'adapt & survive',3910.0,3065548.0,youtube_videos_dec_7,,,,2451003.0,479614.0,0.0,131021.0
https://twitter.com/accessonline,4,1,{'UCiKGMZZmZXK-RpbKJGXgH3Q'},"{5, 6}",youtube,comment,https://www.youtube.com/watch?v=uretrfMA-Io,amber heard's 2020 takeaway: 'adapt & survive',3910.0,3065548.0,youtube_videos_dec_7,,,,2451003.0,479614.0,0.0,131021.0
http://www.accessonline.com/,4,1,{'UCiKGMZZmZXK-RpbKJGXgH3Q'},"{5, 6}",youtube,comment,https://www.youtube.com/watch?v=uretrfMA-Io,amber heard's 2020 takeaway: 'adapt & survive',3910.0,3065548.0,youtube_videos_dec_7,,,,2451003.0,479614.0,0.0,131021.0
http://instagram.com/accessonline,4,1,{'UCiKGMZZmZXK-RpbKJGXgH3Q'},"{5, 6}",youtube,comment,https://www.youtube.com/watch?v=uretrfMA-Io,amber heard's 2020 takeaway: 'adapt & survive',3910.0,3065548.0,youtube_videos_dec_7,,,,2451003.0,479614.0,0.0,131021.0
https://www.facebook.com/accessonline,4,1,{'UCiKGMZZmZXK-RpbKJGXgH3Q'},"{5, 6}",youtube,comment,https://www.youtube.com/watch?v=uretrfMA-Io,amber heard's 2020 takeaway: 'adapt & survive',3910.0,3065548.0,youtube_videos_dec_7,,,,2451003.0,479614.0,0.0,131021.0
http://bit.ly/ahsub,4,1,{'UCiKGMZZmZXK-RpbKJGXgH3Q'},"{5, 6}",youtube,comment,https://www.youtube.com/watch?v=uretrfMA-Io,amber heard's 2020 takeaway: 'adapt & survive',3910.0,3065548.0,youtube_videos_dec_7,,,,2451003.0,479614.0,0.0,131021.0
https://www.patreon.com/observeentertainment,1,1,{'UCzMvqwt21xqm7Fg5Uo3lsRQ'},{8},youtube,comment,https://www.youtube.com/watch?v=hQFFm_X2lps,body language analyst reacts to amber heard's cringe deposition | faces episode 15,131103.0,2914030.0,youtube_videos_dec_8,,,,2762734.0,2611.0,0.0,17582.0
https://teespring.com/stores/observe-4,1,1,{'UCzMvqwt21xqm7Fg5Uo3lsRQ'},{8},youtube,comment,https://www.youtube.com/watch?v=hQFFm_X2lps,body language analyst reacts to amber heard's cringe deposition | faces episode 15,131103.0,2914030.0,youtube_videos_dec_8,,,,2762734.0,2611.0,0.0,17582.0
http://www.audibletrial.com/observe,1,1,{'UCzMvqwt21xqm7Fg5Uo3lsRQ'},{8},youtube,comment,https://www.youtube.com/watch?v=hQFFm_X2lps,body language analyst reacts to amber heard's cringe deposition | faces episode 15,131103.0,2914030.0,youtube_videos_dec_8,,,,2762734.0,2611.0,0.0,17582.0
http://www.youtube.com/c/observewithlogan?sub_confirmation=1,1,1,{'UCzMvqwt21xqm7Fg5Uo3lsRQ'},{8},youtube,comment,https://www.youtube.com/watch?v=hQFFm_X2lps,body language analyst reacts to amber heard's cringe deposition | faces episode 15,131103.0,2914030.0,youtube_videos_dec_8,,,,2762734.0,2611.0,0.0,17582.0
https://soundcloud.com/amariamusique,1,1,{'UCzMvqwt21xqm7Fg5Uo3lsRQ'},{8},youtube,comment,https://www.youtube.com/watch?v=hQFFm_X2lps,body language analyst reacts to amber heard's cringe deposition | faces episode 15,131103.0,2914030.0,youtube_videos_dec_8,,,,2762734.0,2611.0,0.0,17582.0
http://bit.ly/funky-souls,1,1,{'UCzMvqwt21xqm7Fg5Uo3lsRQ'},{8},youtube,comment,https://www.youtube.com/watch?v=hQFFm_X2lps,body language analyst reacts to amber heard's cringe deposition | faces episode 15,131103.0,2914030.0,youtube_videos_dec_8,,,,2762734.0,2611.0,0.0,17582.0
https://youtu.be/jfmcyqkf-ee,1,1,{'UCzMvqwt21xqm7Fg5Uo3lsRQ'},{8},youtube,comment,https://www.youtube.com/watch?v=hQFFm_X2lps,body language analyst reacts to amber heard's cringe deposition | faces episode 15,131103.0,2914030.0,youtube_videos_dec_8,,,,2762734.0,2611.0,0.0,17582.0
https://www.eiagroup.com/observe,1,1,{'UCzMvqwt21xqm7Fg5Uo3lsRQ'},{8},youtube,comment,https://www.youtube.com/watch?v=hQFFm_X2lps,body language analyst reacts to amber heard's cringe deposition | faces episode 15,131103.0,2914030.0,youtube_videos_dec_8,,,,2762734.0,2611.0,0.0,17582.0
https://youtu.be/mwufyo3ncas,1,1,{'UCg0C-N_MPYYOXyF4T3jMxNQ'},{4},youtube,comment,https://www.youtube.com/watch?v=Cg9SvQSMnoE,johnny depp & amber heard:  abuser amber tells johnny nobody will believe him! new uncensored audio!,64420.0,2760197.0,youtube_videos_dec_9,,,,2676915.0,1548.0,0.0,17314.0
https://youtu.be/mn1b-h7i0ne,1,1,{'UCg0C-N_MPYYOXyF4T3jMxNQ'},{4},youtube,comment,https://www.youtube.com/watch?v=Cg9SvQSMnoE,johnny depp & amber heard:  abuser amber tells johnny nobody will believe him! new uncensored audio!,64420.0,2760197.0,youtube_videos_dec_9,,,,2676915.0,1548.0,0.0,17314.0
https://www.dailymail.co.uk/news/article-7966723/amber-heard-ridicules-johnny-depp-claiming-hes-domestic-violence-victim.html,1,1,"('UCKwY6wt3swWB3a2NJyE6qpA',)",{1},youtube,comment,https://www.youtube.com/watch?v=Cg9SvQSMnoE,johnny depp & amber heard:  abuser amber tells johnny nobody will believe him! new uncensored audio!,64420.0,2760197.0,youtube_videos_dec_9,,,,2676915.0,1548.0,0.0,17314.0
https://www.dailymail.co.uk/news/article-7966723/amber-heard-ridicules-johnny-depp-claiming-hes-domestic-violence-victim.html,5,4,"{'UC7kPcKTWb4Wf3ql9TivVRoA', 'UCg0C-N_MPYYOXyF4T3jMxNQ', 'UCSFy-1JrpZf0tFlRZfo-Rvw', 'UCC_0vyFTKk1Nlodo4QsiQkw'}","{2, 4, 16, 22, 27}",youtube,comment,https://www.youtube.com/watch?v=Cg9SvQSMnoE,johnny depp & amber heard:  abuser amber tells johnny nobody will believe him! new uncensored audio!,64420.0,2760197.0,youtube_videos_dec_9,,,,2676915.0,1548.0,0.0,17314.0
https://youtu.be/aca0kwohtqq,7,3,"{'UCSEPQ3deCXfo2D-fzU5xyVg', 'UCg0C-N_MPYYOXyF4T3jMxNQ', 'UCCdicbO4cLE4s1wbXjJSuSg'}","{2, 5, 12, 4}",youtube,comment,https://www.youtube.com/watch?v=Cg9SvQSMnoE,johnny depp & amber heard:  abuser amber tells johnny nobody will believe him! new uncensored audio!,64420.0,2760197.0,youtube_videos_dec_9,,,,2676915.0,1548.0,0.0,17314.0
https://dailym.ai/37cnbxv,1,1,{'UC-NINtNMPM75eaqh07RCy_Q'},{7},youtube,comment,https://www.youtube.com/watch?v=kISALzjLUZY,second leaked audio of amber heard and johnny depp released,27340.0,1773553.0,youtube_videos_dec_14,,,,1742052.0,903.0,0.0,3258.0
http://bit.ly/2xb5cqa,33,1,{'UC-NINtNMPM75eaqh07RCy_Q'},"{5, 6, 7, 9, 12}",youtube,comment,https://www.youtube.com/watch?v=kISALzjLUZY,second leaked audio of amber heard and johnny depp released,27340.0,1773553.0,youtube_videos_dec_14,,,,1742052.0,903.0,0.0,3258.0
https://twitter.com/informoverload,32,1,{'UC-NINtNMPM75eaqh07RCy_Q'},"{9, 12, 6, 7}",youtube,comment,https://www.youtube.com/watch?v=kISALzjLUZY,second leaked audio of amber heard and johnny depp released,27340.0,1773553.0,youtube_videos_dec_14,,,,1742052.0,903.0,0.0,3258.0
http://instagram.com/informoverload,24,1,{'UC-NINtNMPM75eaqh07RCy_Q'},"{5, 6, 7, 9, 12}",youtube,comment,https://www.youtube.com/watch?v=kISALzjLUZY,second leaked audio of amber heard and johnny depp released,27340.0,1773553.0,youtube_videos_dec_14,,,,1742052.0,903.0,0.0,3258.0
https://www.youtube.com/watch?v=ktbhbqvguoa&list=pljwoov1yyb46xc4lbe1runjf3gs1uwa30,23,1,{'UC-NINtNMPM75eaqh07RCy_Q'},"{5, 6, 7, 9, 12}",youtube,comment,https://www.youtube.com/watch?v=kISALzjLUZY,second leaked audio of amber heard and johnny depp released,27340.0,1773553.0,youtube_videos_dec_14,,,,1742052.0,903.0,0.0,3258.0
http://instagram.com/charlaychaplin,13,1,{'UC-NINtNMPM75eaqh07RCy_Q'},"{5, 6, 7}",youtube,comment,https://www.youtube.com/watch?v=kISALzjLUZY,second leaked audio of amber heard and johnny depp released,27340.0,1773553.0,youtube_videos_dec_14,,,,1742052.0,903.0,0.0,3258.0
https://www.instagram.com/themediabay/,2,1,{'UC-NINtNMPM75eaqh07RCy_Q'},{7},youtube,comment,https://www.youtube.com/watch?v=kISALzjLUZY,second leaked audio of amber heard and johnny depp released,27340.0,1773553.0,youtube_videos_dec_14,,,,1742052.0,903.0,0.0,3258.0
https://support.google.com/youtube/answer/1620498?hl=e,2,1,{'UCbiT0LUIbQj6CQScvWHJeKQ'},{2},youtube,comment,https://www.youtube.com/watch?v=74bDLtT6Khw,10 celebrities who defended johnny depp against amber heard...,53582.0,1635309.0,youtube_videos_dec_16,,,,1576174.0,1292.0,0.0,4261.0
https://www.youtube.com/channel/ucbit0luibqj6cqscvwhjekq?sub_confirmation=1,2,1,{'UCbiT0LUIbQj6CQScvWHJeKQ'},{2},youtube,comment,https://www.youtube.com/watch?v=74bDLtT6Khw,10 celebrities who defended johnny depp against amber heard...,53582.0,1635309.0,youtube_videos_dec_16,,,,1576174.0,1292.0,0.0,4261.0
https://twitter.com/winonasrider,1,1,{'UCOp3GgtzNUadFlYDCKv2_5g'},{3},youtube,comment,https://www.youtube.com/watch?v=NCZUqJc-jhU,johnny depp & amber heard: the truth and timeline of the case,27087.0,1513883.0,youtube_videos_dec_17,,,,1481619.0,593.0,0.0,4584.0
https://www.youtube.com/channel/ucg0c-n_mpyyoxyf4t3jmxnq,7,6,"{'UCGl9hxFXep_3KMe662E_pzQ', 'UCbbas7CiflwZ_FWCQHDXoWg', 'UC5iyvTygt1LeRLaf2hZt0nw', 'UCAk03rcNVtLK1_LlgRTOh2w', 'UC1nJzvNaB_ql4RHrzgozrQQ', 'UCOp3GgtzNUadFlYDCKv2_5g'}","{2, 3, 4, 8, 9}",youtube,comment,https://www.youtube.com/watch?v=NCZUqJc-jhU,johnny depp & amber heard: the truth and timeline of the case,27087.0,1513883.0,youtube_videos_dec_17,,,,1481619.0,593.0,0.0,4584.0
https://www.youtube.com/channel/ucg0c-n_mpyyoxyf4t3jmxnq,1,1,"('UCoZWWgdgIyDuhjnu3qsTI0w',)",{1},youtube,comment,https://www.youtube.com/watch?v=NCZUqJc-jhU,johnny depp & amber heard: the truth and timeline of the case,27087.0,1513883.0,youtube_videos_dec_17,,,,1481619.0,593.0,0.0,4584.0
https://www.instagram.com/jadoredepp/,1,1,{'UCOp3GgtzNUadFlYDCKv2_5g'},{3},youtube,comment,https://www.youtube.com/watch?v=NCZUqJc-jhU,johnny depp & amber heard: the truth and timeline of the case,27087.0,1513883.0,youtube_videos_dec_17,,,,1481619.0,593.0,0.0,4584.0
https://www.youtube.com/user/iprojectatlas,3,1,{'UCaiVt4r6YLPzJVgr7pOmD6w'},"{5, 7}",youtube,comment,https://www.youtube.com/watch?v=JOP9nmzKDww,woketivists get it wrong | johnny depp & amber heard audio leak,61128.0,1502430.0,youtube_videos_dec_18,,,,1431956.0,468.0,0.0,8878.0
https://www.facebook.com/twoguysonecouch/,3,1,{'UCaiVt4r6YLPzJVgr7pOmD6w'},"{5, 7}",youtube,comment,https://www.youtube.com/watch?v=JOP9nmzKDww,woketivists get it wrong | johnny depp & amber heard audio leak,61128.0,1502430.0,youtube_videos_dec_18,,,,1431956.0,468.0,0.0,8878.0
https://www.patreon.com/user?u=4946249,3,1,{'UCaiVt4r6YLPzJVgr7pOmD6w'},"{5, 7}",youtube,comment,https://www.youtube.com/watch?v=JOP9nmzKDww,woketivists get it wrong | johnny depp & amber heard audio leak,61128.0,1502430.0,youtube_videos_dec_18,,,,1431956.0,468.0,0.0,8878.0
https://www.enkreprinte.com/collections/aba-and-preach,3,1,{'UCaiVt4r6YLPzJVgr7pOmD6w'},"{5, 7}",youtube,comment,https://www.youtube.com/watch?v=JOP9nmzKDww,woketivists get it wrong | johnny depp & amber heard audio leak,61128.0,1502430.0,youtube_videos_dec_18,,,,1431956.0,468.0,0.0,8878.0
https://www.youtube.com/watch?v=aca0kwohtqq,4,4,"{'UCAk03rcNVtLK1_LlgRTOh2w', 'UChkjZGZ2RPflLwYVjXlgJGg', 'UCaiVt4r6YLPzJVgr7pOmD6w', 'UCckrCVD_V9pM8ZV8M29gWuA'}","{9, 5, 6}",youtube,comment,https://www.youtube.com/watch?v=JOP9nmzKDww,woketivists get it wrong | johnny depp & amber heard audio leak,61128.0,1502430.0,youtube_videos_dec_18,,,,1431956.0,468.0,0.0,8878.0
https://www.fairfaxcounty.gov/circuit/high-profile-cases,1,1,{'UCA48iKLTqY_BZpQ6Uk5bjGg'},{12},youtube,comment,https://www.youtube.com/watch?v=eWijmDzZeJU,johnny depp & amber heard case update: amber's parents sided with johnny? - new texts & evidence!! -,31977.0,1490376.0,youtube_videos_dec_19,,,,1451680.0,542.0,0.0,6177.0
https://www.fairfaxcounty.gov/circuit/high-profile-cases,2,2,"{'UCJZ4rcJZTpZx0EcgD3T5lLQ', 'UCg0C-N_MPYYOXyF4T3jMxNQ'}","{16, 2}",youtube,comment,https://www.youtube.com/watch?v=eWijmDzZeJU,johnny depp & amber heard case update: amber's parents sided with johnny? - new texts & evidence!! -,31977.0,1490376.0,youtube_videos_dec_19,,,,1451680.0,542.0,0.0,6177.0
https://www.fairfaxcounty.gov/circuit/high-profile-cases,1,1,{9.53077628059226e+17},{2},twitter,tweet,https://www.youtube.com/watch?v=eWijmDzZeJU,johnny depp & amber heard case update: amber's parents sided with johnny? - new texts & evidence!! -,31977.0,1490376.0,youtube_videos_dec_19,,,,1451680.0,542.0,0.0,6177.0
https://youtu.be/6q9xjn3s8ww,1,1,{'UCg0C-N_MPYYOXyF4T3jMxNQ'},{2},youtube,comment,https://www.youtube.com/watch?v=eWijmDzZeJU,johnny depp & amber heard case update: amber's parents sided with johnny? - new texts & evidence!! -,31977.0,1490376.0,youtube_videos_dec_19,,,,1451680.0,542.0,0.0,6177.0
http://shopdefranco.com,1,1,{'UClFSU9_bUb4Rc6OYfTt5SPw'},{22},youtube,comment,https://www.youtube.com/watch?v=T5PKXaMpKzo,"wow! leaked johnny depp amber heard audio sparks outrage, iowa caucus confusion, & coronavirus news",55862.0,1443506.0,youtube_videos_dec_20,,,,1378923.0,1681.0,0.0,7040.0
https://roguerocket.com/2020/02/03/countries-impose-travel-restrictions-coronavirus/,1,1,{'UClFSU9_bUb4Rc6OYfTt5SPw'},{22},youtube,comment,https://www.youtube.com/watch?v=T5PKXaMpKzo,"wow! leaked johnny depp amber heard audio sparks outrage, iowa caucus confusion, & coronavirus news",55862.0,1443506.0,youtube_videos_dec_20,,,,1378923.0,1681.0,0.0,7040.0
https://twitter.com/theroguerocket/status/1224437937518985216?s=20,1,1,{'UClFSU9_bUb4Rc6OYfTt5SPw'},{22},youtube,comment,https://www.youtube.com/watch?v=T5PKXaMpKzo,"wow! leaked johnny depp amber heard audio sparks outrage, iowa caucus confusion, & coronavirus news",55862.0,1443506.0,youtube_videos_dec_20,,,,1378923.0,1681.0,0.0,7040.0
http://twitter.com/phillyd,1,1,{'UClFSU9_bUb4Rc6OYfTt5SPw'},{22},youtube,comment,https://www.youtube.com/watch?v=T5PKXaMpKzo,"wow! leaked johnny depp amber heard audio sparks outrage, iowa caucus confusion, & coronavirus news",55862.0,1443506.0,youtube_videos_dec_20,,,,1378923.0,1681.0,0.0,7040.0
https://youtu.be/b1d35hammr0,1,1,{'UClFSU9_bUb4Rc6OYfTt5SPw'},{22},youtube,comment,https://www.youtube.com/watch?v=T5PKXaMpKzo,"wow! leaked johnny depp amber heard audio sparks outrage, iowa caucus confusion, & coronavirus news",55862.0,1443506.0,youtube_videos_dec_20,,,,1378923.0,1681.0,0.0,7040.0
https://variety.com/2020/film/news/hamilton-movie-lin-manuel-miranda-2-1203490645/,1,1,{'UClFSU9_bUb4Rc6OYfTt5SPw'},{22},youtube,comment,https://www.youtube.com/watch?v=T5PKXaMpKzo,"wow! leaked johnny depp amber heard audio sparks outrage, iowa caucus confusion, & coronavirus news",55862.0,1443506.0,youtube_videos_dec_20,,,,1378923.0,1681.0,0.0,7040.0
https://youtu.be/pilcn6vo_ru,1,1,{'UClFSU9_bUb4Rc6OYfTt5SPw'},{22},youtube,comment,https://www.youtube.com/watch?v=T5PKXaMpKzo,"wow! leaked johnny depp amber heard audio sparks outrage, iowa caucus confusion, & coronavirus news",55862.0,1443506.0,youtube_videos_dec_20,,,,1378923.0,1681.0,0.0,7040.0
https://youtu.be/h8rtb1xjuoy,1,1,{'UClFSU9_bUb4Rc6OYfTt5SPw'},{22},youtube,comment,https://www.youtube.com/watch?v=T5PKXaMpKzo,"wow! leaked johnny depp amber heard audio sparks outrage, iowa caucus confusion, & coronavirus news",55862.0,1443506.0,youtube_videos_dec_20,,,,1378923.0,1681.0,0.0,7040.0
http://anchor.fm/aconversationwith,1,1,{'UClFSU9_bUb4Rc6OYfTt5SPw'},{22},youtube,comment,https://www.youtube.com/watch?v=T5PKXaMpKzo,"wow! leaked johnny depp amber heard audio sparks outrage, iowa caucus confusion, & coronavirus news",55862.0,1443506.0,youtube_videos_dec_20,,,,1378923.0,1681.0,0.0,7040.0
https://mvmt.cc/defranco,1,1,{'UClFSU9_bUb4Rc6OYfTt5SPw'},{22},youtube,comment,https://www.youtube.com/watch?v=T5PKXaMpKzo,"wow! leaked johnny depp amber heard audio sparks outrage, iowa caucus confusion, & coronavirus news",55862.0,1443506.0,youtube_videos_dec_20,,,,1378923.0,1681.0,0.0,7040.0
https://youtu.be/uehtt2rdxxc,1,1,{'UClFSU9_bUb4Rc6OYfTt5SPw'},{22},youtube,comment,https://www.youtube.com/watch?v=T5PKXaMpKzo,"wow! leaked johnny depp amber heard audio sparks outrage, iowa caucus confusion, & coronavirus news",55862.0,1443506.0,youtube_videos_dec_20,,,,1378923.0,1681.0,0.0,7040.0
https://youtu.be/elinlewtw6y,1,1,{'UClFSU9_bUb4Rc6OYfTt5SPw'},{22},youtube,comment,https://www.youtube.com/watch?v=T5PKXaMpKzo,"wow! leaked johnny depp amber heard audio sparks outrage, iowa caucus confusion, & coronavirus news",55862.0,1443506.0,youtube_videos_dec_20,,,,1378923.0,1681.0,0.0,7040.0
https://roguerocket.com/2020/02/03/depp-heard/,1,1,{'UClFSU9_bUb4Rc6OYfTt5SPw'},{22},youtube,comment,https://www.youtube.com/watch?v=T5PKXaMpKzo,"wow! leaked johnny depp amber heard audio sparks outrage, iowa caucus confusion, & coronavirus news",55862.0,1443506.0,youtube_videos_dec_20,,,,1378923.0,1681.0,0.0,7040.0
https://fivethirtyeight.com/features/how-iowas-three-different-votes-could-affect-who-wins/,1,1,{'UClFSU9_bUb4Rc6OYfTt5SPw'},{22},youtube,comment,https://www.youtube.com/watch?v=T5PKXaMpKzo,"wow! leaked johnny depp amber heard audio sparks outrage, iowa caucus confusion, & coronavirus news",55862.0,1443506.0,youtube_videos_dec_20,,,,1378923.0,1681.0,0.0,7040.0
https://twitter.com/amjoyshow/status/1223647822614007808?s=20,1,1,{'UClFSU9_bUb4Rc6OYfTt5SPw'},{22},youtube,comment,https://www.youtube.com/watch?v=T5PKXaMpKzo,"wow! leaked johnny depp amber heard audio sparks outrage, iowa caucus confusion, & coronavirus news",55862.0,1443506.0,youtube_videos_dec_20,,,,1378923.0,1681.0,0.0,7040.0
https://roguerocket.com/2020/02/03/woman-cancer-prison-theft/,1,1,{'UClFSU9_bUb4Rc6OYfTt5SPw'},{22},youtube,comment,https://www.youtube.com/watch?v=T5PKXaMpKzo,"wow! leaked johnny depp amber heard audio sparks outrage, iowa caucus confusion, & coronavirus news",55862.0,1443506.0,youtube_videos_dec_20,,,,1378923.0,1681.0,0.0,7040.0
https://roguerocket.com/2020/02/03/nyt-report-victorias-secret,1,1,{'UClFSU9_bUb4Rc6OYfTt5SPw'},{22},youtube,comment,https://www.youtube.com/watch?v=T5PKXaMpKzo,"wow! leaked johnny depp amber heard audio sparks outrage, iowa caucus confusion, & coronavirus news",55862.0,1443506.0,youtube_videos_dec_20,,,,1378923.0,1681.0,0.0,7040.0
https://instagram.com/phillydefranco/,1,1,{'UClFSU9_bUb4Rc6OYfTt5SPw'},{22},youtube,comment,https://www.youtube.com/watch?v=T5PKXaMpKzo,"wow! leaked johnny depp amber heard audio sparks outrage, iowa caucus confusion, & coronavirus news",55862.0,1443506.0,youtube_videos_dec_20,,,,1378923.0,1681.0,0.0,7040.0
https://phil.chrono.gg/,1,1,{'UClFSU9_bUb4Rc6OYfTt5SPw'},{22},youtube,comment,https://www.youtube.com/watch?v=T5PKXaMpKzo,"wow! leaked johnny depp amber heard audio sparks outrage, iowa caucus confusion, & coronavirus news",55862.0,1443506.0,youtube_videos_dec_20,,,,1378923.0,1681.0,0.0,7040.0
http://beautifulbastard.com,1,1,{'UClFSU9_bUb4Rc6OYfTt5SPw'},{22},youtube,comment,https://www.youtube.com/watch?v=T5PKXaMpKzo,"wow! leaked johnny depp amber heard audio sparks outrage, iowa caucus confusion, & coronavirus news",55862.0,1443506.0,youtube_videos_dec_20,,,,1378923.0,1681.0,0.0,7040.0
http://defrancoelite.com,1,1,{'UClFSU9_bUb4Rc6OYfTt5SPw'},{22},youtube,comment,https://www.youtube.com/watch?v=T5PKXaMpKzo,"wow! leaked johnny depp amber heard audio sparks outrage, iowa caucus confusion, & coronavirus news",55862.0,1443506.0,youtube_videos_dec_20,,,,1378923.0,1681.0,0.0,7040.0
https://www.cbssports.com/nfl/news/2020-super-bowl-commercials-rewatch-the-ads-that-ran-during-super-bowl-liv-on-sunday/,1,1,{'UClFSU9_bUb4Rc6OYfTt5SPw'},{22},youtube,comment,https://www.youtube.com/watch?v=T5PKXaMpKzo,"wow! leaked johnny depp amber heard audio sparks outrage, iowa caucus confusion, & coronavirus news",55862.0,1443506.0,youtube_videos_dec_20,,,,1378923.0,1681.0,0.0,7040.0
http://twitter.com/mailonline,5,1,{'UCw3fku0sH3qA3c3pZeJwdAw'},{9},youtube,comment,https://www.youtube.com/watch?v=w9D6x3VAdBw,"amber heard to johnny depp: 'i do remember, i did mean to hit you'",21366.0,1405723.0,youtube_videos_dec_21,,,,1380055.0,333.0,0.0,3969.0
http://instagram.com/dailymail,5,1,{'UCw3fku0sH3qA3c3pZeJwdAw'},{9},youtube,comment,https://www.youtube.com/watch?v=w9D6x3VAdBw,"amber heard to johnny depp: 'i do remember, i did mean to hit you'",21366.0,1405723.0,youtube_videos_dec_21,,,,1380055.0,333.0,0.0,3969.0
https://plus.google.com/+dailymail,5,1,{'UCw3fku0sH3qA3c3pZeJwdAw'},{9},youtube,comment,https://www.youtube.com/watch?v=w9D6x3VAdBw,"amber heard to johnny depp: 'i do remember, i did mean to hit you'",21366.0,1405723.0,youtube_videos_dec_21,,,,1380055.0,333.0,0.0,3969.0
http://dailymail.co.uk/mobile,5,1,{'UCw3fku0sH3qA3c3pZeJwdAw'},{9},youtube,comment,https://www.youtube.com/watch?v=w9D6x3VAdBw,"amber heard to johnny depp: 'i do remember, i did mean to hit you'",21366.0,1405723.0,youtube_videos_dec_21,,,,1380055.0,333.0,0.0,3969.0
https://www.snapchat.com/discover/daily-mail/8392137033,5,1,{'UCw3fku0sH3qA3c3pZeJwdAw'},{9},youtube,comment,https://www.youtube.com/watch?v=w9D6x3VAdBw,"amber heard to johnny depp: 'i do remember, i did mean to hit you'",21366.0,1405723.0,youtube_videos_dec_21,,,,1380055.0,333.0,0.0,3969.0
http://facebook.com/dailymail,5,1,{'UCw3fku0sH3qA3c3pZeJwdAw'},{9},youtube,comment,https://www.youtube.com/watch?v=w9D6x3VAdBw,"amber heard to johnny depp: 'i do remember, i did mean to hit you'",21366.0,1405723.0,youtube_videos_dec_21,,,,1380055.0,333.0,0.0,3969.0
http://pinterest.co.uk/dailymail,5,1,{'UCw3fku0sH3qA3c3pZeJwdAw'},{9},youtube,comment,https://www.youtube.com/watch?v=w9D6x3VAdBw,"amber heard to johnny depp: 'i do remember, i did mean to hit you'",21366.0,1405723.0,youtube_videos_dec_21,,,,1380055.0,333.0,0.0,3969.0
http://www.dailymail.co.uk/video/newsalerts/video-2214782/video-amber-heard-johnny-depp-remember-did-mean-hit-you.html,1,1,{'UCw3fku0sH3qA3c3pZeJwdAw'},{9},youtube,comment,https://www.youtube.com/watch?v=w9D6x3VAdBw,"amber heard to johnny depp: 'i do remember, i did mean to hit you'",21366.0,1405723.0,youtube_videos_dec_21,,,,1380055.0,333.0,0.0,3969.0
http://www.dailymail.co.uk/news/article-8544729/amber-heard-says-johnny-depp-pushed-kate-moss-stairs.html,1,1,{'UCw3fku0sH3qA3c3pZeJwdAw'},{9},youtube,comment,https://www.youtube.com/watch?v=w9D6x3VAdBw,"amber heard to johnny depp: 'i do remember, i did mean to hit you'",21366.0,1405723.0,youtube_videos_dec_21,,,,1380055.0,333.0,0.0,3969.0
https://www.youtube.com/watch?v=o3dbfiow_mk&t=29s,1,1,"('UCAIycRkUrsSP73CZIYFLCWw',)",{1},youtube,comment,https://www.youtube.com/watch?v=WdmYGt5Lwfw,johnny depp cuenta en su declaracion como amber heard le corto el dedo con una botella,23078.0,1391769.0,youtube_videos_dec_22,,,,1366220.0,352.0,0.0,2119.0
http://instagram.com/juanitosayoficial,8,1,{'UCuWeBHxVe6C69JTBpiY-Y8Q'},"{5, 6}",youtube,comment,https://www.youtube.com/watch?v=mDGm8MTQw-M,amber heard pierde el juicio: ¡se confirma que mintió sobre johnny depp y es abucheada!,52751.0,1385037.0,youtube_videos_dec_23,,,,1326751.0,1257.0,0.0,4278.0
http://twitter.com/juanitosay,8,1,{'UCuWeBHxVe6C69JTBpiY-Y8Q'},"{5, 6}",youtube,comment,https://www.youtube.com/watch?v=mDGm8MTQw-M,amber heard pierde el juicio: ¡se confirma que mintió sobre johnny depp y es abucheada!,52751.0,1385037.0,youtube_videos_dec_23,,,,1326751.0,1257.0,0.0,4278.0
http://delcarajo.net,8,1,{'UCuWeBHxVe6C69JTBpiY-Y8Q'},"{5, 6}",youtube,comment,https://www.youtube.com/watch?v=mDGm8MTQw-M,amber heard pierde el juicio: ¡se confirma que mintió sobre johnny depp y es abucheada!,52751.0,1385037.0,youtube_videos_dec_23,,,,1326751.0,1257.0,0.0,4278.0
https://youtube.com/channel/ucuwebhxve6c69jtbpiy-y8q/join,8,1,{'UCuWeBHxVe6C69JTBpiY-Y8Q'},"{5, 6}",youtube,comment,https://www.youtube.com/watch?v=mDGm8MTQw-M,amber heard pierde el juicio: ¡se confirma que mintió sobre johnny depp y es abucheada!,52751.0,1385037.0,youtube_videos_dec_23,,,,1326751.0,1257.0,0.0,4278.0
https://tus10segundos.com/products/delcarajotv,5,1,{'UCuWeBHxVe6C69JTBpiY-Y8Q'},"{5, 6}",youtube,comment,https://www.youtube.com/watch?v=mDGm8MTQw-M,amber heard pierde el juicio: ¡se confirma que mintió sobre johnny depp y es abucheada!,52751.0,1385037.0,youtube_videos_dec_23,,,,1326751.0,1257.0,0.0,4278.0
https://court.tv/live,1,1,{'UCo5E9pEhK_9kWG7-5HHcyRg'},{4},youtube,comment,https://www.youtube.com/watch?v=iT2Kiyt7-rk,amber heard on the stand in johnny depp's libel case,9287.0,1334391.0,youtube_videos_dec_24,,,,1287083.0,28695.0,0.0,9326.0
https://www.courttv.com/where-to-watch/?trk=youtube,3,1,{'UCo5E9pEhK_9kWG7-5HHcyRg'},{4},youtube,comment,https://www.youtube.com/watch?v=iT2Kiyt7-rk,amber heard on the stand in johnny depp's libel case,9287.0,1334391.0,youtube_videos_dec_24,,,,1287083.0,28695.0,0.0,9326.0
https://www.courttv.com/title/court-tv-live-stream-web/?trk=youtube,3,1,{'UCo5E9pEhK_9kWG7-5HHcyRg'},{4},youtube,comment,https://www.youtube.com/watch?v=iT2Kiyt7-rk,amber heard on the stand in johnny depp's libel case,9287.0,1334391.0,youtube_videos_dec_24,,,,1287083.0,28695.0,0.0,9326.0
https://www.courttv.com/programming/trial-archives/?trk=youtube,3,1,{'UCo5E9pEhK_9kWG7-5HHcyRg'},{4},youtube,comment,https://www.youtube.com/watch?v=iT2Kiyt7-rk,amber heard on the stand in johnny depp's libel case,9287.0,1334391.0,youtube_videos_dec_24,,,,1287083.0,28695.0,0.0,9326.0
https://amzn.to/36ribff,1,1,{'UCgRr2pZaGeaZVN6LfbvQk9w'},{5},youtube,comment,https://www.youtube.com/watch?v=RNxzI_PyNfQ,la injusticia con johnny depp y su sentencia 😡 explico los motivos 👉 te enfadará amber heard 😤,123795.0,1143531.0,youtube_videos_dec_26,,,,1006768.0,1662.0,0.0,11306.0
http://www.patreon.com/dalasreview,1,1,{'UCgRr2pZaGeaZVN6LfbvQk9w'},{5},youtube,comment,https://www.youtube.com/watch?v=RNxzI_PyNfQ,la injusticia con johnny depp y su sentencia 😡 explico los motivos 👉 te enfadará amber heard 😤,123795.0,1143531.0,youtube_videos_dec_26,,,,1006768.0,1662.0,0.0,11306.0
https://amzn.to/344rqle,1,1,{'UCgRr2pZaGeaZVN6LfbvQk9w'},{5},youtube,comment,https://www.youtube.com/watch?v=RNxzI_PyNfQ,la injusticia con johnny depp y su sentencia 😡 explico los motivos 👉 te enfadará amber heard 😤,123795.0,1143531.0,youtube_videos_dec_26,,,,1006768.0,1662.0,0.0,11306.0
http://www.patreon.com/dalasreview,1,1,"('UCUqvWUXerEGX33z3wmOnPrw',)",{1},youtube,comment,https://www.youtube.com/watch?v=RNxzI_PyNfQ,la injusticia con johnny depp y su sentencia 😡 explico los motivos 👉 te enfadará amber heard 😤,123795.0,1143531.0,youtube_videos_dec_26,,,,1006768.0,1662.0,0.0,11306.0
https://amzn.to/2qxdg8b,1,1,{'UCgRr2pZaGeaZVN6LfbvQk9w'},{5},youtube,comment,https://www.youtube.com/watch?v=RNxzI_PyNfQ,la injusticia con johnny depp y su sentencia 😡 explico los motivos 👉 te enfadará amber heard 😤,123795.0,1143531.0,youtube_videos_dec_26,,,,1006768.0,1662.0,0.0,11306.0
https://amzn.to/2dzjqrd,1,1,{'UCgRr2pZaGeaZVN6LfbvQk9w'},{5},youtube,comment,https://www.youtube.com/watch?v=RNxzI_PyNfQ,la injusticia con johnny depp y su sentencia 😡 explico los motivos 👉 te enfadará amber heard 😤,123795.0,1143531.0,youtube_videos_dec_26,,,,1006768.0,1662.0,0.0,11306.0
https://www.derekvanschaik.com,2,2,"{'UCGof-YmYH1e-Hu9tmH39_rw', 'UC65EDzqpOAQZLBmAdHAnZng'}","{9, 10}",youtube,comment,https://www.youtube.com/watch?v=4r8UJv97GjM,body language proof amber heard is the worst actor in the world lying about johnny depp,54180.0,1037567.0,youtube_videos_dec_27,,,,974945.0,812.0,0.0,7630.0
https://www.derekvanschaik.com/equipment,2,2,"{'UCGof-YmYH1e-Hu9tmH39_rw', 'UC65EDzqpOAQZLBmAdHAnZng'}","{9, 10}",youtube,comment,https://www.youtube.com/watch?v=4r8UJv97GjM,body language proof amber heard is the worst actor in the world lying about johnny depp,54180.0,1037567.0,youtube_videos_dec_27,,,,974945.0,812.0,0.0,7630.0
https://www.shop.derekvanschaik.com,2,2,"{'UCGof-YmYH1e-Hu9tmH39_rw', 'UC65EDzqpOAQZLBmAdHAnZng'}","{9, 10}",youtube,comment,https://www.youtube.com/watch?v=4r8UJv97GjM,body language proof amber heard is the worst actor in the world lying about johnny depp,54180.0,1037567.0,youtube_videos_dec_27,,,,974945.0,812.0,0.0,7630.0
https://www.youtube.com/shaked,2,2,"{'UCGof-YmYH1e-Hu9tmH39_rw', 'UC65EDzqpOAQZLBmAdHAnZng'}","{9, 10}",youtube,comment,https://www.youtube.com/watch?v=4r8UJv97GjM,body language proof amber heard is the worst actor in the world lying about johnny depp,54180.0,1037567.0,youtube_videos_dec_27,,,,974945.0,812.0,0.0,7630.0
https://www.facebook.com/derekvanschaik,2,2,"{'UCGof-YmYH1e-Hu9tmH39_rw', 'UC65EDzqpOAQZLBmAdHAnZng'}","{9, 10}",youtube,comment,https://www.youtube.com/watch?v=4r8UJv97GjM,body language proof amber heard is the worst actor in the world lying about johnny depp,54180.0,1037567.0,youtube_videos_dec_27,,,,974945.0,812.0,0.0,7630.0
https://www.instagram.com/derekvanschaik,2,2,"{'UCGof-YmYH1e-Hu9tmH39_rw', 'UC65EDzqpOAQZLBmAdHAnZng'}","{9, 10}",youtube,comment,https://www.youtube.com/watch?v=4r8UJv97GjM,body language proof amber heard is the worst actor in the world lying about johnny depp,54180.0,1037567.0,youtube_videos_dec_27,,,,974945.0,812.0,0.0,7630.0
https://www.youtube.com/watch?v=mm-vikcg17o&t=20s,1,1,{'UC65EDzqpOAQZLBmAdHAnZng'},{10},youtube,comment,https://www.youtube.com/watch?v=4r8UJv97GjM,body language proof amber heard is the worst actor in the world lying about johnny depp,54180.0,1037567.0,youtube_videos_dec_27,,,,974945.0,812.0,0.0,7630.0
https://www.youtube.com/channel/ucgof-ymyh1e-hu9tmh39_rw,1,1,{'UC65EDzqpOAQZLBmAdHAnZng'},{10},youtube,comment,https://www.youtube.com/watch?v=4r8UJv97GjM,body language proof amber heard is the worst actor in the world lying about johnny depp,54180.0,1037567.0,youtube_videos_dec_27,,,,974945.0,812.0,0.0,7630.0
https://www.youtube.com/watch?v=o_n2trt-uaq&t=26s,1,1,{'UC65EDzqpOAQZLBmAdHAnZng'},{10},youtube,comment,https://www.youtube.com/watch?v=4r8UJv97GjM,body language proof amber heard is the worst actor in the world lying about johnny depp,54180.0,1037567.0,youtube_videos_dec_27,,,,974945.0,812.0,0.0,7630.0
https://www.twitter.com/derekvanschaik,2,2,"{'UCGof-YmYH1e-Hu9tmH39_rw', 'UC65EDzqpOAQZLBmAdHAnZng'}","{9, 10}",youtube,comment,https://www.youtube.com/watch?v=4r8UJv97GjM,body language proof amber heard is the worst actor in the world lying about johnny depp,54180.0,1037567.0,youtube_videos_dec_27,,,,974945.0,812.0,0.0,7630.0
https://www.youtube.com/watch?v=nqzs5izsa68,1,1,"('UChey7iyRnGa6WgScGqzK3HA',)",{1},youtube,comment,https://www.youtube.com/watch?v=zGWheCDobKM,amber heard 'terrible' moments,15907.0,1031351.0,youtube_videos_dec_28,,,,1008070.0,2724.0,0.0,4650.0
https://www.patreon.com/macamtv,1,1,{'UCj8gILpOgOIX6k3NExdky9Q'},{2},youtube,comment,https://www.youtube.com/watch?v=1Q1S8jve-2o,"aquaman 2 (2022) teaser trailer - jason momoa, amber heard (fan made)",8579.0,1029729.0,youtube_videos_dec_29,,,,1017877.0,3058.0,0.0,215.0
youtube.com/c/macamtv,1,1,{'UCj8gILpOgOIX6k3NExdky9Q'},{2},youtube,comment,https://www.youtube.com/watch?v=1Q1S8jve-2o,"aquaman 2 (2022) teaser trailer - jason momoa, amber heard (fan made)",8579.0,1029729.0,youtube_videos_dec_29,,,,1017877.0,3058.0,0.0,215.0
https://www.youtube.com/channel/ucfwe_odi1ytbdjkzusi1nag/join,5,1,"('UCfwE_ODI1YTbdjkzuSi1Nag',)",{1},youtube,comment,https://www.youtube.com/watch?v=c0l38akMxoM,amber heard backfire! now facing 3 years over lies! aquaman 2 in doubt,35395.0,989713.0,youtube_videos_dec_30,,,,949099.0,538.0,0.0,4681.0
https://www.youtube.com/channel/ucfwe_odi1ytbdjkzusi1nag/join,6,1,{'UCfwE_ODI1YTbdjkzuSi1Nag'},"{8, 7}",youtube,comment,https://www.youtube.com/watch?v=c0l38akMxoM,amber heard backfire! now facing 3 years over lies! aquaman 2 in doubt,35395.0,989713.0,youtube_videos_dec_30,,,,949099.0,538.0,0.0,4681.0
https://soydecine.com/johnny-depp-fue-maltratado-por-amber-heard-audio-filtrado/,1,1,"('UC_hMVMyWaeiBGB9jgJiSyqA',)",{1},youtube,comment,https://www.youtube.com/watch?v=53ZS1RSC9Cw,johnny depp y amber heard - audio que demuestra que ella le maltrataba,13202.0,982278.0,youtube_videos_dec_31,,,,965421.0,332.0,0.0,3323.0
https://www.youtube.com/user/iprojectatlas,3,1,{'UCaiVt4r6YLPzJVgr7pOmD6w'},"{5, 7}",youtube,comment,https://www.youtube.com/watch?v=8eGiPOVZsL8,amber heard pt 2 exposed in new audio leak | where is the media on this?,40734.0,823849.0,youtube_videos_dec_34,,,,776879.0,366.0,0.0,5870.0
https://www.youtube.com/watch?v=cg9svqsmnoe,4,4,"{'UCAk03rcNVtLK1_LlgRTOh2w', 'UCCjzLtNFNCFCAj__4Tce1_A', 'UCaiVt4r6YLPzJVgr7pOmD6w', 'UCnvl7P4B9Yy8h7JI4ZOO8yw'}","{9, 13, 22, 7}",youtube,comment,https://www.youtube.com/watch?v=8eGiPOVZsL8,amber heard pt 2 exposed in new audio leak | where is the media on this?,40734.0,823849.0,youtube_videos_dec_34,,,,776879.0,366.0,0.0,5870.0
https://www.facebook.com/twoguysonecouch/,3,1,{'UCaiVt4r6YLPzJVgr7pOmD6w'},"{5, 7}",youtube,comment,https://www.youtube.com/watch?v=8eGiPOVZsL8,amber heard pt 2 exposed in new audio leak | where is the media on this?,40734.0,823849.0,youtube_videos_dec_34,,,,776879.0,366.0,0.0,5870.0
https://www.ncbi.nlm.nih.gov/pmc/articles/pmc1854883/,1,1,{'UCaiVt4r6YLPzJVgr7pOmD6w'},{7},youtube,comment,https://www.youtube.com/watch?v=8eGiPOVZsL8,amber heard pt 2 exposed in new audio leak | where is the media on this?,40734.0,823849.0,youtube_videos_dec_34,,,,776879.0,366.0,0.0,5870.0
https://www.google.com/amp/s/time.com/2921491/hope-solo-women-violence/%3famp=true,1,1,{'UCaiVt4r6YLPzJVgr7pOmD6w'},{7},youtube,comment,https://www.youtube.com/watch?v=8eGiPOVZsL8,amber heard pt 2 exposed in new audio leak | where is the media on this?,40734.0,823849.0,youtube_videos_dec_34,,,,776879.0,366.0,0.0,5870.0
https://www.enkreprinte.com/collections/aba-and-preach,3,1,{'UCaiVt4r6YLPzJVgr7pOmD6w'},"{5, 7}",youtube,comment,https://www.youtube.com/watch?v=8eGiPOVZsL8,amber heard pt 2 exposed in new audio leak | where is the media on this?,40734.0,823849.0,youtube_videos_dec_34,,,,776879.0,366.0,0.0,5870.0
https://www.patreon.com/user?u=4946249,3,1,{'UCaiVt4r6YLPzJVgr7pOmD6w'},"{5, 7}",youtube,comment,https://www.youtube.com/watch?v=8eGiPOVZsL8,amber heard pt 2 exposed in new audio leak | where is the media on this?,40734.0,823849.0,youtube_videos_dec_34,,,,776879.0,366.0,0.0,5870.0
https://www.nickiswift.com/202178/the-real-reason-amber-heard-could-end-up-behind-bars/,1,1,"('UC1DGpYiEiqBrQtYXFbLhMVQ',)",{1},youtube,comment,https://www.youtube.com/watch?v=6qEgXqmSwl8,the real reason amber heard could end up behind bars,10285.0,813143.0,youtube_videos_dec_35,,,,799887.0,295.0,0.0,2676.0
https://www.patreon.com/user?u=11797644,11,1,{'UCeooMl4PFAM9kLPHvavt2KQ'},"{16, 8, 7}",youtube,comment,https://www.youtube.com/watch?v=pJD5qr-DV10,joe rogan called out amber heard 4 years ago and nailed it!,12397.0,779437.0,youtube_videos_dec_36,,,,764662.0,337.0,0.0,2041.0
https://www.amazon.com/evolution-adega/dp/1645305953/ref=sr_1_1?crid=3ge2myd9lnpmo&keywords=evolution+by+adega&qid=1584844229&sprefix=evolution+by+%2caps%2c247&sr=8-1,14,1,{'UCeooMl4PFAM9kLPHvavt2KQ'},"{8, 5, 6, 7}",youtube,comment,https://www.youtube.com/watch?v=pJD5qr-DV10,joe rogan called out amber heard 4 years ago and nailed it!,12397.0,779437.0,youtube_videos_dec_36,,,,764662.0,337.0,0.0,2041.0
https://christhead.bandcamp.com/releases,15,1,{'UCeooMl4PFAM9kLPHvavt2KQ'},"{16, 8, 6, 7}",youtube,comment,https://www.youtube.com/watch?v=pJD5qr-DV10,joe rogan called out amber heard 4 years ago and nailed it!,12397.0,779437.0,youtube_videos_dec_36,,,,764662.0,337.0,0.0,2041.0
https://teespring.com/stores/hacker-goods,16,1,{'UCeooMl4PFAM9kLPHvavt2KQ'},"{5, 6, 7, 8, 16}",youtube,comment,https://www.youtube.com/watch?v=pJD5qr-DV10,joe rogan called out amber heard 4 years ago and nailed it!,12397.0,779437.0,youtube_videos_dec_36,,,,764662.0,337.0,0.0,2041.0
https://www.youtube.com/watch?v=2walmc4jcoa,16,1,{'UCeooMl4PFAM9kLPHvavt2KQ'},"{5, 6, 7, 8, 16}",youtube,comment,https://www.youtube.com/watch?v=pJD5qr-DV10,joe rogan called out amber heard 4 years ago and nailed it!,12397.0,779437.0,youtube_videos_dec_36,,,,764662.0,337.0,0.0,2041.0
https://www.youtube.com/channel/ucotslvraws_pdhaqqkj1iyw,17,2,"{'UCeooMl4PFAM9kLPHvavt2KQ', 'UCP5gBSMw84NLljMLNqa09sQ'}","{5, 6, 39, 7, 8, 16}",youtube,comment,https://www.youtube.com/watch?v=pJD5qr-DV10,joe rogan called out amber heard 4 years ago and nailed it!,12397.0,779437.0,youtube_videos_dec_36,,,,764662.0,337.0,0.0,2041.0
https://www.youtube.com/watch?v=lgljyjmyce0,10,1,{'UCeooMl4PFAM9kLPHvavt2KQ'},"{8, 5, 7}",youtube,comment,https://www.youtube.com/watch?v=pJD5qr-DV10,joe rogan called out amber heard 4 years ago and nailed it!,12397.0,779437.0,youtube_videos_dec_36,,,,764662.0,337.0,0.0,2041.0
https://www.nickwallis.com/depp-trial,151,9,"(8.25319e+17, 1.29816e+18, 1.25989e+18, 1.02041e+18, 3247503139.0, 69288950.0, 37315639.0, 499815801.0, 276394494.0)",{1},twitter,tweet,https://www.youtube.com/watch?v=V7lg69VFSY8,amber heard secretly records johnny depp! then laughs?! finally we see the full video!,11265.0,760147.0,youtube_videos_dec_37,,,,744915.0,516.0,0.0,3451.0
https://www.nickwallis.com/depp-trial,1,1,"('UCg0C-N_MPYYOXyF4T3jMxNQ',)",{1},youtube,comment,https://www.youtube.com/watch?v=V7lg69VFSY8,amber heard secretly records johnny depp! then laughs?! finally we see the full video!,11265.0,760147.0,youtube_videos_dec_37,,,,744915.0,516.0,0.0,3451.0
https://www.nickwallis.com/depp-trial,5,3,"{'UCpvj7PNAISuDvWym0ii9fmg', 'UCOp24og-YLLuvUP4yrJ2cJA', 'UC8AGq7bm-x4teGcvQonvnPw'}","{8, 3, 4, 15}",youtube,comment,https://www.youtube.com/watch?v=V7lg69VFSY8,amber heard secretly records johnny depp! then laughs?! finally we see the full video!,11265.0,760147.0,youtube_videos_dec_37,,,,744915.0,516.0,0.0,3451.0
https://www.nickwallis.com/depp-trial,7,2,"{'UC0zMcGW8MNF7VJ7ynQriobw', 'UCcznsgxHHFxREHlQtQK0u7g'}",{2},youtube,comment,https://www.youtube.com/watch?v=V7lg69VFSY8,amber heard secretly records johnny depp! then laughs?! finally we see the full video!,11265.0,760147.0,youtube_videos_dec_37,,,,744915.0,516.0,0.0,3451.0
https://www.nickwallis.com/depp-trial,6,6,"{1.2863994941758382e+18, 1.298158437638054e+18, 8.253189287254671e+17, 69288950.0, 276394494.0, 54476159.0}","{2, 3}",twitter,tweet,https://www.youtube.com/watch?v=V7lg69VFSY8,amber heard secretly records johnny depp! then laughs?! finally we see the full video!,11265.0,760147.0,youtube_videos_dec_37,,,,744915.0,516.0,0.0,3451.0
https://www.nickwallis.com/depp-trial,3,1,{'JG98'},"{2, 4}",reddit,reddits,https://www.youtube.com/watch?v=V7lg69VFSY8,amber heard secretly records johnny depp! then laughs?! finally we see the full video!,11265.0,760147.0,youtube_videos_dec_37,,,,744915.0,516.0,0.0,3451.0
https://youtu.be/pbxtr41zftq,2,1,{'UCg0C-N_MPYYOXyF4T3jMxNQ'},"{2, 4}",youtube,comment,https://www.youtube.com/watch?v=HwKB80xZdus,johnny depp & amber heard abuse claims: amber caught lying under oath! new audio and video!,20852.0,752559.0,youtube_videos_dec_38,,,,724924.0,285.0,0.0,6498.0
https://youtu.be/cg9svqsmnoe,2,1,{'UCg0C-N_MPYYOXyF4T3jMxNQ'},{4},youtube,comment,https://www.youtube.com/watch?v=HwKB80xZdus,johnny depp & amber heard abuse claims: amber caught lying under oath! new audio and video!,20852.0,752559.0,youtube_videos_dec_38,,,,724924.0,285.0,0.0,6498.0
https://youtu.be/aca0kwohtqq,7,3,"{'UCSEPQ3deCXfo2D-fzU5xyVg', 'UCg0C-N_MPYYOXyF4T3jMxNQ', 'UCCdicbO4cLE4s1wbXjJSuSg'}","{2, 5, 12, 4}",youtube,comment,https://www.youtube.com/watch?v=HwKB80xZdus,johnny depp & amber heard abuse claims: amber caught lying under oath! new audio and video!,20852.0,752559.0,youtube_videos_dec_38,,,,724924.0,285.0,0.0,6498.0
https://www.dailymail.co.uk/news/article-8118671/amber-heard-admits-smashing-door-johnny-depps-head-clocking-jaw.html,2,2,"{'UCg0C-N_MPYYOXyF4T3jMxNQ', 'UCSFy-1JrpZf0tFlRZfo-Rvw'}","{27, 4}",youtube,comment,https://www.youtube.com/watch?v=HwKB80xZdus,johnny depp & amber heard abuse claims: amber caught lying under oath! new audio and video!,20852.0,752559.0,youtube_videos_dec_38,,,,724924.0,285.0,0.0,6498.0
https://metro.co.uk/2019/04/15/johnny-depp-scrawled-jealous-messages-amber-heard-oil-paint-blood-severing-finger-9204710/amp/,1,1,{'UCJaqnseWRP6m73Viigzk0Og'},{5},youtube,comment,https://www.youtube.com/watch?v=IOpeH2MAU64,johnny depp speaks about his finger injury | important info in description,12158.0,746645.0,youtube_videos_dec_39,,,,732577.0,177.0,0.0,1733.0
https://t.co/yvvnkxrisq,1,1,{'UCJaqnseWRP6m73Viigzk0Og'},{5},youtube,comment,https://www.youtube.com/watch?v=IOpeH2MAU64,johnny depp speaks about his finger injury | important info in description,12158.0,746645.0,youtube_videos_dec_39,,,,732577.0,177.0,0.0,1733.0
https://www.dailymail.co.uk/news/article-3741910/amp/photo-johnny-depp-s-ghastly-finger-cut-tip-fit-rage-wrote-blood-wall-amber-heard-affair-billy-bob-thornton.html,1,1,{'UCJaqnseWRP6m73Viigzk0Og'},{5},youtube,comment,https://www.youtube.com/watch?v=IOpeH2MAU64,johnny depp speaks about his finger injury | important info in description,12158.0,746645.0,youtube_videos_dec_39,,,,732577.0,177.0,0.0,1733.0
https://variety.com/2016/film/news/johnny-depp-hand-injury-amber-heard-fight-1201786023/,1,1,{'UCJaqnseWRP6m73Viigzk0Og'},{5},youtube,comment,https://www.youtube.com/watch?v=IOpeH2MAU64,johnny depp speaks about his finger injury | important info in description,12158.0,746645.0,youtube_videos_dec_39,,,,732577.0,177.0,0.0,1733.0
https://www.documentcloud.org/documents/5835867-amber-heard-motion-to-dismiss.html,2,2,"{'UCfupACwUQmP2H6pDehATVXA', 'UCJaqnseWRP6m73Viigzk0Og'}","{24, 5}",youtube,comment,https://www.youtube.com/watch?v=IOpeH2MAU64,johnny depp speaks about his finger injury | important info in description,12158.0,746645.0,youtube_videos_dec_39,,,,732577.0,177.0,0.0,1733.0
http://instagram.com/juanitosayoficial,8,1,{'UCuWeBHxVe6C69JTBpiY-Y8Q'},"{5, 6}",youtube,comment,https://www.youtube.com/watch?v=y636dzTjMrs,el fin de amber heard: ¡abandona hollywood al descubrirse sus mentiras sobre johnny depp!,25642.0,733486.0,youtube_videos_dec_40,,,,704756.0,804.0,0.0,2284.0
http://twitter.com/juanitosay,8,1,{'UCuWeBHxVe6C69JTBpiY-Y8Q'},"{5, 6}",youtube,comment,https://www.youtube.com/watch?v=y636dzTjMrs,el fin de amber heard: ¡abandona hollywood al descubrirse sus mentiras sobre johnny depp!,25642.0,733486.0,youtube_videos_dec_40,,,,704756.0,804.0,0.0,2284.0
http://tus10s.com/delcarajoteve,3,1,{'UCuWeBHxVe6C69JTBpiY-Y8Q'},{5},youtube,comment,https://www.youtube.com/watch?v=y636dzTjMrs,el fin de amber heard: ¡abandona hollywood al descubrirse sus mentiras sobre johnny depp!,25642.0,733486.0,youtube_videos_dec_40,,,,704756.0,804.0,0.0,2284.0
https://youtube.com/channel/ucuwebhxve6c69jtbpiy-y8q/join,8,1,{'UCuWeBHxVe6C69JTBpiY-Y8Q'},"{5, 6}",youtube,comment,https://www.youtube.com/watch?v=y636dzTjMrs,el fin de amber heard: ¡abandona hollywood al descubrirse sus mentiras sobre johnny depp!,25642.0,733486.0,youtube_videos_dec_40,,,,704756.0,804.0,0.0,2284.0
http://delcarajo.net,8,1,{'UCuWeBHxVe6C69JTBpiY-Y8Q'},"{5, 6}",youtube,comment,https://www.youtube.com/watch?v=y636dzTjMrs,el fin de amber heard: ¡abandona hollywood al descubrirse sus mentiras sobre johnny depp!,25642.0,733486.0,youtube_videos_dec_40,,,,704756.0,804.0,0.0,2284.0
https://www.instagram.com/paraloscuriosos_plc/,3,1,{'UCAmLNUCJ1PBAjWfIPsPI_Ig'},"{5, 6}",youtube,comment,https://www.youtube.com/watch?v=iuW76720Pfs,¡johnny depp es inocente! la miserable verdad acerca amber heard,16949.0,724651.0,youtube_videos_dec_41,,,,704847.0,531.0,0.0,2324.0
http://www.paraloscuriosos.com/,4,1,{'UCAmLNUCJ1PBAjWfIPsPI_Ig'},"{5, 6}",youtube,comment,https://www.youtube.com/watch?v=iuW76720Pfs,¡johnny depp es inocente! la miserable verdad acerca amber heard,16949.0,724651.0,youtube_videos_dec_41,,,,704847.0,531.0,0.0,2324.0
https://www.youtube.com/watch?v=zrmw-m2jiys,1,1,{'UCAmLNUCJ1PBAjWfIPsPI_Ig'},{5},youtube,comment,https://www.youtube.com/watch?v=iuW76720Pfs,¡johnny depp es inocente! la miserable verdad acerca amber heard,16949.0,724651.0,youtube_videos_dec_41,,,,704847.0,531.0,0.0,2324.0
https://bit.ly/3qf7xeb,2,1,{'UCAmLNUCJ1PBAjWfIPsPI_Ig'},"{5, 6}",youtube,comment,https://www.youtube.com/watch?v=iuW76720Pfs,¡johnny depp es inocente! la miserable verdad acerca amber heard,16949.0,724651.0,youtube_videos_dec_41,,,,704847.0,531.0,0.0,2324.0
https://www.facebook.com/paraloscuriososcom/,3,1,{'UCAmLNUCJ1PBAjWfIPsPI_Ig'},"{5, 6}",youtube,comment,https://www.youtube.com/watch?v=iuW76720Pfs,¡johnny depp es inocente! la miserable verdad acerca amber heard,16949.0,724651.0,youtube_videos_dec_41,,,,704847.0,531.0,0.0,2324.0
http://twitter.com/juanitosay,8,1,{'UCuWeBHxVe6C69JTBpiY-Y8Q'},"{5, 6}",youtube,comment,https://www.youtube.com/watch?v=9A55OE7bqKk,el fin de amber heard: ¡johnny depp siempre fue inocente!,24141.0,707907.0,youtube_videos_dec_42,,,,680142.0,709.0,0.0,2915.0
http://tus10s.com/delcarajoteve,3,1,{'UCuWeBHxVe6C69JTBpiY-Y8Q'},{5},youtube,comment,https://www.youtube.com/watch?v=9A55OE7bqKk,el fin de amber heard: ¡johnny depp siempre fue inocente!,24141.0,707907.0,youtube_videos_dec_42,,,,680142.0,709.0,0.0,2915.0
http://delcarajo.net,8,1,{'UCuWeBHxVe6C69JTBpiY-Y8Q'},"{5, 6}",youtube,comment,https://www.youtube.com/watch?v=9A55OE7bqKk,el fin de amber heard: ¡johnny depp siempre fue inocente!,24141.0,707907.0,youtube_videos_dec_42,,,,680142.0,709.0,0.0,2915.0
https://youtube.com/channel/ucuwebhxve6c69jtbpiy-y8q/join,8,1,{'UCuWeBHxVe6C69JTBpiY-Y8Q'},"{5, 6}",youtube,comment,https://www.youtube.com/watch?v=9A55OE7bqKk,el fin de amber heard: ¡johnny depp siempre fue inocente!,24141.0,707907.0,youtube_videos_dec_42,,,,680142.0,709.0,0.0,2915.0
http://instagram.com/juanitosayoficial,8,1,{'UCuWeBHxVe6C69JTBpiY-Y8Q'},"{5, 6}",youtube,comment,https://www.youtube.com/watch?v=9A55OE7bqKk,el fin de amber heard: ¡johnny depp siempre fue inocente!,24141.0,707907.0,youtube_videos_dec_42,,,,680142.0,709.0,0.0,2915.0
https://teespring.com/stores/scottreischcom-3,1,1,{'UCmvdHLC-w74pqDfnIprOPPw'},{6},youtube,comment,https://www.youtube.com/watch?v=XiuUzvZMyro,amber heard arguing with johnny depp full audio,9233.0,706312.0,youtube_videos_dec_43,,,,686559.0,331.0,0.0,10189.0
http://voirdire.libsyn.com/,1,1,{'UCmvdHLC-w74pqDfnIprOPPw'},{6},youtube,comment,https://www.youtube.com/watch?v=XiuUzvZMyro,amber heard arguing with johnny depp full audio,9233.0,706312.0,youtube_videos_dec_43,,,,686559.0,331.0,0.0,10189.0
https://www.facebook.com/crimetalkafficianado,1,1,{'UCmvdHLC-w74pqDfnIprOPPw'},{6},youtube,comment,https://www.youtube.com/watch?v=XiuUzvZMyro,amber heard arguing with johnny depp full audio,9233.0,706312.0,youtube_videos_dec_43,,,,686559.0,331.0,0.0,10189.0
www.scottreisch.com,1,1,{'UCmvdHLC-w74pqDfnIprOPPw'},{6},youtube,comment,https://www.youtube.com/watch?v=XiuUzvZMyro,amber heard arguing with johnny depp full audio,9233.0,706312.0,youtube_videos_dec_43,,,,686559.0,331.0,0.0,10189.0
http://reischlawfirm.com/,1,1,{'UCmvdHLC-w74pqDfnIprOPPw'},{6},youtube,comment,https://www.youtube.com/watch?v=XiuUzvZMyro,amber heard arguing with johnny depp full audio,9233.0,706312.0,youtube_videos_dec_43,,,,686559.0,331.0,0.0,10189.0
https://www.patreon.com/crimetalk,1,1,{'UCmvdHLC-w74pqDfnIprOPPw'},{6},youtube,comment,https://www.youtube.com/watch?v=XiuUzvZMyro,amber heard arguing with johnny depp full audio,9233.0,706312.0,youtube_videos_dec_43,,,,686559.0,331.0,0.0,10189.0
http://chng.it/t678nfWmX6,2,1,"(4239258580.0,)",{1},instagram,comment,,"pongan en google : remove amber heard y les sale de los primeros 

http://chng.it/t678nfWmX6",4.0,4.0,instagram_comments_dec_54,2.45551025495778e+18,,,,,,
http://chng.it/t678nfWmX6,2,1,"(4239258580.0,)",{1},instagram,comment,,"pongan en google : remove amber heard y les sale de los primeros 

http://chng.it/t678nfWmX6",4.0,4.0,instagram_comments_dec_55,2.45551025495778e+18,,,,,,
